	Expected time	k^*
Expected Time General	27646.71439638492	All
1	3501.0	3500
2	5250.999999998253	3500
3	6417.666666663755	3500
4	7292.666666662881	3500
5	7992.666666662182	3500
6	8575.999999994934	3500
7	9075.999999994436	3500
8	9513.499999994	3500
9	9902.3888888825	3500
10	10252.388888882151	3500
11	10570.570707063653	3500
12	10862.237373730028	3500
13	11131.46814296053	3500
14	11381.46814296028	3500
15	11614.801476293382	3500
16	11833.551476293163	3500
17	12039.433829234136	3500
18	12233.878273678387	3500
19	12418.088799993991	3500
20	12593.088799993817	3500
21	12759.755466660316	3500
22	12918.846375751065	3500
23	13071.02028879439	3500
24	13216.853622127577	3500
25	13356.853622127437	3500
26	13491.469006742689	3500
27	13621.098636372188	3500
28	13746.098636372062	3500
29	13866.788291544357	3500
30	13983.454958210908	3500
31	14096.358184017246	3500
32	14205.73318401714	3500
33	14311.793790077641	3500
34	14414.734966548125	3500
35	14514.734966548025	3500
36	14611.957188770151	3500
37	14706.551783364652	3500
38	14798.657046522456	3500
39	14888.400636265957	3500
40	14975.900636265871	3500
41	15061.266489924323	3500
42	15144.599823257573	3500
43	15225.995172094701	3500
44	15305.540626640079	3500
45	15383.318404417778	3500
46	15459.405360939441	3500
47	15533.873446045749	3500
48	15606.790112712346	3500
49	15678.218684140847	3500
50	15748.218684140777	3500
51	15816.846135121099	3500
52	15884.153827428725	3500
53	15950.191563277715	3500
54	16015.006378092463	3500
55	16078.642741728761	3500
56	16141.1427417287	3500
57	16202.546250500567	3500
58	16262.891078086712	3500
59	16322.213111984956	3500
60	16380.546445318232	3500
61	16437.923494498504	3500
62	16494.375107401673	3500
63	16549.930662957173	3500
64	16604.61816295712	3500
65	16658.46431680322	3500
66	16711.49461983347	3500
67	16763.733425803566	3500
68	16815.20401403881	3500
69	16865.928651719918	3500
70	16915.92865171987	3500
71	16965.22442636771	3500
72	17013.83553747877	3500
73	17061.780742958174	3500
74	17109.078040255423	3500
75	17155.744706922043	3500
76	17201.797338500946	3500
77	17247.251883955447	3500
78	17292.123678827196	3500
79	17336.427476295506	3500
80	17380.177476295463	3500
81	17423.38735283863	3500
82	17466.070279667856	3500
83	17508.23895436661	3500
84	17549.905621033235	3500
85	17591.08209162143	3500
86	17631.779766039992	3500
87	17672.00965109742	3500
88	17711.78237837011	3500
89	17751.1082210667	3500
90	17789.99710995555	3500
91	17828.45864841705	3500
92	17866.502126677882	3500
93	17904.13653527999	3500
94	17941.370577833146	3500
95	17978.212683096266	3500
96	18014.671016429562	3500
97	18050.753490656327	3500
98	18086.46777637058	3500
99	18121.821311724078	3500
100	18156.821311724045	3500
101	18191.474777070543	3500
102	18225.788502560707	3500
103	18259.769085084943	3500
104	18293.422931238754	3500
105	18326.756264572057	3500
106	18359.77513249655	3500
107	18392.485412870352	3500
108	18424.892820277724	3500
109	18457.00291202081	3500
110	18488.82109383896	3500
111	18520.35262537046	3500
112	18551.602625370426	3500
113	18582.576076697827	3500
114	18613.27783108376	3500
115	18643.712613692427	3500
116	18673.8850274855	3500
117	18703.799557399998	3500
118	18733.460574349123	3500
119	18762.872339054975	3500
120	18792.039005721614	3500
121	18820.964625556295	3500
122	18849.65315014643	3500
123	18878.108434699247	3500
124	18906.33424115083	3500
125	18934.334241150802	3500
126	18962.11201892855	3500
127	18989.671074046633	3500
128	19017.014824046604	3500
129	19044.14660699231	3500
130	19071.069683915364	3500
131	19097.787241167247	3500
132	19124.302392682373	3500
133	19150.61818215603	3500
134	19176.73758514108	3500
135	19202.66351106698	3500
136	19228.398805184603	3500
137	19253.946250440054	3500
138	19279.308569280613	3500
139	19304.488425395695	3500
140	19329.48842539567	3500
141	19354.311120431106	3500
142	19378.959007755024	3500
143	19403.434532230523	3500
144	19427.740087786053	3500
145	19451.87801882051	3500
146	19475.85062156021	3500
147	19499.66014536971	3500
148	19523.308794018336	3500
149	19546.79872690422	3500
150	19570.13206023753	3500
151	19593.310868184526	3500
152	19616.337183973974	3500
153	19639.213000967415	3500
154	19661.940273694665	3500
155	19684.520918855935	3500
156	19706.95681629181	3500
157	19729.24980992236	3500
158	19751.401708656515	3500
159	19773.414287272844	3500
160	19795.289287272823	3500
161	19817.028417707585	3500
162	19838.633355979167	3500
163	19860.105748617185	3500
164	19881.4472120318	3500
165	19902.659333243897	3500
166	19923.743670593274	3500
167	19944.701754425587	3500
168	19965.5350877589	3500
169	19986.245146930476	3500
170	20006.833382224573	3500
171	20027.301218481865	3500
172	20047.65005569115	3500
173	20067.88126956396	3500
174	20087.99621209268	3500
175	20107.99621209266	3500
176	20127.882575729003	3500
177	20147.656587028418	3500
178	20167.31950837671	3500
179	20186.87258100239	3500
180	20206.317025446817	3500
181	20225.654042021382	3500
182	20244.884811252134	3500
183	20264.010494312224	3500
184	20283.03223344264	3500
185	20301.95115236154	3500
186	20320.768356662596	3500
187	20339.484934202686	3500
188	20358.101955479262	3500
189	20376.620473997762	3500
190	20395.041526629324	3500
191	20413.366133959145	3500
192	20431.5953006258	3500
193	20449.730015651687	3500
194	20467.77125276507	3500
195	20485.719970713773	3500
196	20503.5771135709	3500
197	20521.34361103281	3500
198	20539.02037870956	3500
199	20556.608318408034	3500
200	20574.108318408016	3500
201	20591.521253731382	3500
202	20608.84798640463	3500
203	20626.089365714957	3500
204	20643.24622846004	3500
205	20660.319399191732	3500
206	20677.30969045385	3500
207	20694.21790301422	3500
208	20711.04482609113	3500
209	20727.791237574365	3500
210	20744.457904241015	3500
211	20761.04558196612	3500
212	20777.55501592837	3500
213	20793.986940810984	3500
214	20810.34208099789	3500
215	20826.621150765313	3500
216	20842.824854469	3500
217	20858.953886727046	3500
218	20875.00893259859	3500
219	20890.99066775839	3500
220	20906.899758667463	3500
221	20922.736862739846	3500
222	20938.5026285056	3500
223	20954.19769577016	3500
224	20969.822695770144	3500
225	20985.378251325685	3500
226	21000.864976989385	3500
227	21016.283479192014	3500
228	21031.63435638498	3500
229	21046.918199179727	3500
230	21062.13559048406	3500
231	21077.287105635558	3500
232	21092.373312532094	3500
233	21107.394771759547	3500
234	21122.352036716795	3500
235	21137.245653738057	3500
236	21152.07616221262	3500
237	21166.844094702057	3500
238	21181.549977054983	3500
239	21196.194328519407	3500
240	21210.777661852724	3500
241	21225.300483429477	3500
242	21239.76329334682	3500
243	21254.166585527873	3500
244	21268.51084782294	3500
245	21282.79656210864	3500
246	21297.02420438505	3500
247	21311.194244870865	3500
248	21325.307148096657	3500
249	21339.363372996242	3500
250	21353.363372996228	3500
251	21367.307596103783	3500
252	21381.19648499266	3500
253	21395.03047708751	3500
254	21408.81000464655	3500
255	21422.535494842617	3500
256	21436.207369842603	3500
257	21449.826046885388	3500
258	21463.39193835824	3500
259	21476.90545187174	3500
260	21490.366990333267	3500
261	21503.776952019078	3500
262	21517.135730645023	3500
263	21530.443715435882	3500
264	21543.701291193447	3500
265	21556.908838363244	3500
266	21570.06673310007	3500
267	21583.175347332264	3500
268	21596.23504882479	3500
269	21609.246201241134	3500
270	21622.209164204087	3500
271	21635.124293355362	3500
272	21647.991940414173	3500
273	21660.812453234674	3500
274	21673.586175862398	3500
275	21686.31344858966	3500
276	21698.994608009933	3500
277	21711.629987071294	3500
278	21724.219915128833	3500
279	21736.764717996208	3500
280	21749.264717996193	3500
281	21761.720234010416	3500
282	21774.131581528134	3500
283	21786.4990726942	3500
284	21798.82301635616	3500
285	21811.103718110535	3500
286	21823.341480348285	3500
287	21835.536602299493	3500
288	21847.68938007726	3500
289	21859.800106720846	3500
290	21871.869072238074	3500
291	21883.896563647	3500
292	21895.88286501685	3500
293	21907.828257508307	3500
294	21919.733019413055	3500
295	21931.597426192708	3500
296	21943.42175051702	3500
297	21955.20626230152	3500
298	21966.951228744456	3500
299	21978.65691436317	3500
300	21990.32358102983	3500
301	22001.95148800656	3500
302	22013.54089198006	3500
303	22025.09204709556	3500
304	22036.605204990283	3500
305	22048.080614826336	3500
306	22059.51852332306	3500
307	22070.919174788844	3500
308	22082.282811152472	3500
309	22093.609671993883	3500
310	22104.89999457452	3500
311	22116.154013867115	3500
312	22127.37196258505	3500
313	22138.554071211238	3500
314	22149.70056802651	3500
315	22160.811679137612	3500
316	22171.887628504686	3500
317	22182.928637968398	3500
318	22193.93492727656	3500
319	22204.906714110406	3500
320	22215.844214110395	3500
321	22226.74764090166	3500
322	22237.61720611904	3500
323	22248.453119431724	3500
324	22259.255588567517	3500
325	22270.024819336737	3500
326	22280.761015655746	3500
327	22291.46437957011	3500
328	22302.13511127741	3500
329	22312.77340914974	3500
330	22323.37946975579	3500
331	22333.95348788267	3500
332	22344.495656557356	3500
333	22355.006167067855	3500
334	22365.485208984013	3500
335	22375.932970178033	3500
336	22386.349636844687	3500
337	22396.735393521234	3500
338	22407.090423107024	3500
339	22417.414906882826	3500
340	22427.70902452988	3500
341	22437.972954148634	3500
342	22448.20687227728	3500
343	22458.410953909923	3500
344	22468.585372514564	3500
345	22478.730300050785	3500
346	22488.845906987193	3500
347	22498.932362318596	3500
348	22508.989833582957	3500
349	22519.018486878074	3500
350	22529.018486878063	3500
351	22538.989996849563	3500
352	22548.933178667732	3500
353	22558.84819283203	3500
354	22568.735198481736	3500
355	22578.594353411303	3500
356	22588.42581408545	3500
357	22598.229735654066	3500
358	22608.006271966904	3500
359	22617.755575588068	3500
360	22627.47779781028	3500
361	22637.173088668995	3500
362	22646.841596956277	3500
363	22656.483470234507	3500
364	22666.098854849883	3500
365	22675.68789594576	3500
366	22685.250737475806	3500
367	22694.787522216942	3500
368	22704.298391782148	3500
369	22713.78348663309	3500
370	22723.242946092538	3500
371	22732.676908356683	3500
372	22742.08551050721	3500
373	22751.46888852329	3500
374	22760.827177293333	3500
375	22770.160510626658	3500
376	22779.469021264948	3500
377	22788.752840893587	3500
378	22798.012100152835	3500
379	22807.246928648867	3500
380	22816.457454964646	3500
381	22825.64380667067	3500
382	22834.80611033558	3500
383	22843.944491536615	3500
384	22853.05907486994	3500
385	22862.149983960837	3500
386	22871.217341473784	3500
387	22880.26126912236	3500
388	22889.281887679048	3500
389	22898.279316984954	3500
390	22907.253675959302	3500
391	22916.205082608907	3500
392	22925.13365403747	3500
393	22934.03950645476	3500
394	22942.92275518572	3500
395	22951.783514679384	3500
396	22960.62189851776	3500
397	22969.43801942455	3500
398	22978.231989273787	3500
399	22987.00391909834	3500
400	22995.753919098337	3500
401	23004.48209864945	3500
402	23013.188566311135	3500
403	23021.8734298347	3500
404	23030.536796171324	3500
405	23039.178771479954	3500
406	23047.799461135113	3500
407	23056.398969734615	3500
408	23064.977401107157	3500
409	23073.534858319865	3500
410	23082.071443685712	3500
411	23090.58725877086	3500
412	23099.08240440192	3500
413	23107.556980673096	3500
414	23116.01108695328	3500
415	23124.444821893034	3500
416	23132.858283431488	3500
417	23141.25156880318	3500
418	23149.624774544798	3500
419	23157.97799650183	3500
420	23166.31132983516	3500
421	23174.624869027553	3500
422	23182.91870789011	3500
423	23191.19293956859	3500
424	23199.447656549713	3500
425	23207.682950667353	3500
426	23215.89891310866	3500
427	23224.095634420126	3500
428	23232.273204513574	3500
429	23240.43171267207	3500
430	23248.57124755578	3500
431	23256.691897207744	3500
432	23264.79374905959	3500
433	23272.876889937183	3500
434	23280.941406066206	3500
435	23288.987383077692	3500
436	23297.014906013464	3500
437	23305.02405933154	3500
438	23313.01492691144	3500
439	23320.987592059497	3500
440	23328.942137514034	3500
441	23336.87864545053	3500
442	23344.797197486725	3500
443	23352.69787468762	3500
444	23360.580757570493	3500
445	23368.44592610981	3500
446	23376.293459742086	3500
447	23384.123437370716	3500
448	23391.935937370705	3500
449	23399.731037593414	3500
450	23407.508815371188	3500
451	23415.269347521957	3500
452	23423.012710353807	3500
453	23430.738979669473	3500
454	23438.448230770788	3500
455	23446.14053846309	3500
456	23453.815977059574	3500
457	23461.47462038561	3500
458	23469.116541782983	3500
459	23476.741814114128	3500
460	23484.350509766293	3500
461	23491.942700655654	3500
462	23499.518458231403	3500
463	23507.077853479776	3500
464	23514.620956928044	3500
465	23522.147838648467	3500
466	23529.65856826219	3500
467	23537.153214943126	3500
468	23544.631847421748	3500
469	23552.0945339889	3500
470	23559.54134249953	3500
471	23566.972340376382	3500
472	23574.38759461366	3500
473	23581.787171780674	3500
474	23589.17113802539	3500
475	23596.539559078014	3500
476	23603.89250025448	3500
477	23611.230026459925	3500
478	23618.55220219213	3500
479	23625.859091544942	3500
480	23633.1507582116	3500
481	23640.4272654881	3500
482	23647.688676276477	3500
483	23654.935053088066	3500
484	23662.166458046737	3500
485	23669.38295289209	3500
486	23676.58459898262	3500
487	23683.771457298833	3500
488	23690.943588446364	3500
489	23698.101052659036	3500
490	23705.243909801884	3500
491	23712.372219374178	3500
492	23719.48604051238	3500
493	23726.585431993106	3500
494	23733.67045223602	3500
495	23740.741159306723	3500
496	23747.79761091962	3500
497	23754.83986444074	3500
498	23761.86797689053	3500
499	23768.882004946634	3500
500	23775.882004946627	3500
501	23782.868032890736	3500
502	23789.840144444515	3500
503	23796.79839494153	3500
504	23803.742839385963	3500
505	23810.67353245526	3500
506	23817.590528502686	3500
507	23824.493881559876	3500
508	23831.3836453394	3500
509	23838.25987323723	3500
510	23845.122618335263	3500
511	23851.971933403747	3500
512	23858.807870903736	3500
513	23865.6304829895	3500
514	23872.439821510896	3500
515	23879.235938015743	3500
516	23886.01888375217	3500
517	23892.788709670927	3500
518	23899.54546642768	3500
519	23906.289204385284	3500
520	23913.019973616047	3500
521	23919.737823903946	3500
522	23926.44280474685	3500
523	23933.1349653587	3500
524	23939.814354671667	3500
525	23946.481021338328	3500
526	23953.13501373376	3500
527	23959.776379957664	3500
528	23966.405167836445	3500
529	23973.021424925286	3500
530	23979.625198510184	3500
531	23986.21653560999	3500
532	23992.795482978407	3500
533	23999.36208710598	3500
534	24005.916394222077	3500
535	24012.458450296836	3500
536	24018.988301043097	3500
537	24025.505991918322	3500
538	24032.011568126494	3500
539	24038.505074619996	3500
540	24044.98655610147	3500
541	24051.456057025676	3500
542	24057.913621601314	3500
543	24064.359293792837	3500
544	24070.79311732224	3500
545	24077.215135670856	3500
546	24083.625392081107	3500
547	24090.023929558247	3500
548	24096.41079087211	3500
549	24102.786018558803	3500
550	24109.149654922432	3500
551	24115.501742036762	3500
552	24121.8423217469	3500
553	24128.17143567094	3500
554	24134.48912520162	3500
555	24140.79543150792	3500
556	24147.09039553669	3500
557	24153.37405801424	3500
558	24159.64645944793	3500
559	24165.907640127705	3500
560	24172.157640127698	3500
561	24178.396499307728	3500
562	24184.62425731484	3500
563	24190.84095358482	3500
564	24197.046627343676	3500
565	24203.241317609158	3500
566	24209.425063192193	3500
567	24215.59790269836	3500
568	24221.75987452934	3500
569	24227.911016884344	3500
570	24234.051367761527	3500
571	24240.180964959418	3500
572	24246.299846078295	3500
573	24252.40804852157	3500
574	24258.505609497173	3500
575	24264.592566018906	3500
576	24270.66895490779	3500
577	24276.7348127934	3500
578	24282.790176115195	3500
579	24288.835081123827	3500
580	24294.86956388244	3500
581	24300.893660267975	3500
582	24306.907405972437	3500
583	24312.91083650416	3500
584	24318.903987189085	3500
585	24324.88689317198	3500
586	24330.85958941771	3500
587	24336.82211071242	3500
588	24342.774491664793	3500
589	24348.71676670723	3500
590	24354.648970097056	3500
591	24360.571135917693	3500
592	24366.483298079853	3500
593	24372.385490322686	3500
594	24378.277746214935	3500
595	24384.160099156106	3500
596	24390.03258237758	3500
597	24395.895228943733	3500
598	24401.74807175309	3500
599	24407.591143539397	3500
600	24413.424476872722	3500
601	24419.24810416057	3500
602	24425.062057648942	3500
603	24430.866369423395	3500
604	24436.66107141014	3500
605	24442.44619537708	3500
606	24448.22177293483	3500
607	24453.98783553779	3500
608	24459.744414485154	3500
609	24465.49154092193	3500
610	24471.229245839953	3500
611	24476.957560078903	3500
612	24482.67651432726	3500
613	24488.38613912334	3500
614	24494.086464856235	3500
615	24499.777521766795	3500
616	24505.459339948604	3500
617	24511.13194934892	3500
618	24516.79537976963	3500
619	24522.44966086817	3500
620	24528.094822158488	3500
621	24533.730893011947	3500
622	24539.35790265824	3500
623	24544.975880186328	3500
624	24550.5848545453	3500
625	24556.184854545296	3500
626	24561.77590885839	3500
627	24567.358046019468	3500
628	24572.931294427104	3500
629	24578.495682344426	3500
630	24584.051237899974	3500
631	24589.59798908856	3500
632	24595.135963772103	3500
633	24600.66518968047	3500
634	24606.185694412325	3500
635	24611.697505435943	3500
636	24617.200650090024	3500
637	24622.695155584523	3500
638	24628.181049001443	3500
639	24633.658357295648	3500
640	24639.12710729564	3500
641	24644.58732570437	3500
642	24650.039039100007	3500
643	24655.4822739367	3500
644	24660.917056545393	3500
645	24666.343413134535	3500
646	24671.76136979088	3500
647	24677.17095248021	3500
648	24682.572187048107	3500
649	24687.965099220673	3500
650	24693.349714605283	3500
651	24698.7260586913	3500
652	24704.094156850806	3500
653	24709.454034339316	3500
654	24714.805716296498	3500
655	24720.149227746875	3500
656	24725.484593600526	3500
657	24730.811838653794	3500
658	24736.130987589957	3500
659	24741.442064979936	3500
660	24746.745095282964	3500
661	24752.04010284726	3500
662	24757.3271119107	3500
663	24762.606146601498	3500
664	24767.87723093884	3500
665	24773.140388833574	3500
666	24778.395644088825	3500
667	24783.643020400665	3500
668	24788.88254135874	3500
669	24794.114230446925	3500
670	24799.338111043937	3500
671	24804.55420642396	3500
672	24809.76253975729	3500
673	24814.963134110923	3500
674	24820.156012449195	3500
675	24825.34119763437	3500
676	24830.518712427267	3500
677	24835.688579487825	3500
678	24840.850821375727	3500
679	24846.005460550983	3500
680	24851.152519374507	3500
681	24856.292020108718	3500
682	24861.423984918096	3500
683	24866.548435869776	3500
684	24871.6653949341	3500
685	24876.774883985192	3500
686	24881.876924801516	3500
687	24886.97153906643	3500
688	24892.058748368752	3500
689	24897.13857420329	3500
690	24902.211037971403	3500
691	24907.27616098153	3500
692	24912.333964449732	3500
693	24917.38446950023	3500
694	24922.42769716593	3500
695	24927.463668388948	3500
696	24932.49240402113	3500
697	24937.513924824572	3500
698	24942.528251472133	3500
699	24947.53540454795	3500
700	24952.535404547947	3500
701	24957.52827188032	3500
702	24962.514026866073	3500
703	24967.49268973947	3500
704	24972.464280648557	3500
705	24977.428819655644	3500
706	24982.386326737793	3500
707	24987.336821787296	3500
708	24992.280324612148	3500
709	24997.21685493654	3500
710	25002.14643240133	3500
711	25007.069076564476	3500
712	25011.984806901546	3500
713	25016.89364280617	3500
714	25021.795603590483	3500
715	25026.69070848558	3500
716	25031.578976642006	3500
717	25036.460427130147	3500
718	25041.335078940723	3500
719	25046.202950985225	3500
720	25051.064062096335	3500
721	25055.91843102837	3500
722	25060.76607645773	3500
723	25065.607016983315	3500
724	25070.441271126954	3500
725	25075.268857333846	3500
726	25080.08979397296	3500
727	25084.904099337466	3500
728	25089.71179164515	3500
729	25094.512889038833	3500
730	25099.307409586774	3500
731	25104.095371283074	3500
732	25108.876792048093	3500
733	25113.651689728853	3500
734	25118.420082099423	3500
735	25123.18198686132	3500
736	25127.937421643925	3500
737	25132.68640400484	3500
738	25137.42895143031	3500
739	25142.165081335585	3500
740	25146.894811065307	3500
741	25151.61815789391	3500
742	25156.33513902598	3500
743	25161.04577159664	3500
744	25165.750072671908	3500
745	25170.448059249084	3500
746	25175.139748257123	3500
747	25179.825156556988	3500
748	25184.50430094201	3500
749	25189.17719813827	3500
750	25193.84386480493	3500
751	25198.50431753462	3500
752	25203.15857285377	3500
753	25207.806647222955	3500
754	25212.44855703727	3500
755	25217.08431862667	3500
756	25221.713948256296	3500
757	25226.337462126838	3500
758	25230.954876374853	3500
759	25235.566207073134	3500
760	25240.17147023102	3500
761	25244.770681794747	3500
762	25249.363857647764	3500
763	25253.951013611066	3500
764	25258.53216544352	3500
765	25263.107328842205	3500
766	25267.676519442724	3500
767	25272.23975281951	3500
768	25276.79704448617	3500
769	25281.348409895785	3500
770	25285.893864441234	3500
771	25290.433423455495	3500
772	25294.96710221197	3500
773	25299.49491592477	3500
774	25304.01687974906	3500
775	25308.533008781313	3500
776	25313.043318059656	3500
777	25317.547822564156	3500
778	25322.046537217113	3500
779	25326.539476883343	3500
780	25331.02665637052	3500
781	25335.508090429415	3500
782	25339.983793754225	3500
783	25344.45378098283	3500
784	25348.91806669711	3500
785	25353.37666542322	3500
786	25357.82959163187	3500
787	25362.276859738602	3500
788	25366.718484104083	3500
789	25371.15447903437	3500
790	25375.584858781203	3500
791	25380.00963754226	3500
792	25384.42882946145	3500
793	25388.84244862916	3500
794	25393.250509082554	3500
795	25397.65302480582	3500
796	25402.050009730436	3500
797	25406.44147773545	3500
798	25410.827442647726	3500
799	25415.20791824222	3500
800	25419.582918242217	3500
801	25423.952456319617	3500
802	25428.31654609518	3500
803	25432.67520113876	3500
804	25437.0284349696	3500
805	25441.376261056557	3500
806	25445.718692818336	3500
807	25450.055743623787	3500
808	25454.3874267921	3500
809	25458.713755593082	3500
810	25463.034743247405	3500
811	25467.350402926808	3500
812	25471.66074775439	3500
813	25475.965790804818	3500
814	25480.265545104565	3500
815	25484.56002363217	3500
816	25488.849239318442	3500
817	25493.133205046714	3500
818	25497.411933653068	3500
819	25501.685437926568	3500
820	25505.953730609494	3500
821	25510.21682439755	3500
822	25514.474731940125	3500
823	25518.727465840482	3500
824	25522.975038656008	3500
825	25527.21746289843	3500
826	25531.454751034016	3500
827	25535.68691548383	3500
828	25539.913968623925	3500
829	25544.13592278556	3500
830	25548.352790255438	3500
831	25552.56458327589	3500
832	25556.771314045112	3500
833	25560.97299471738	3500
834	25565.169637403233	3500
835	25569.361254169693	3500
836	25573.547857040507	3500
837	25577.729457996298	3500
838	25581.906068974815	3500
839	25586.077701871112	3500
840	25590.244368537773	3500
841	25594.406080785095	3500
842	25598.562850381288	3500
843	25602.714689052693	3500
844	25606.861608483967	3500
845	25611.003620318283	3500
846	25615.14073615752	3500
847	25619.272967562476	3500
848	25623.400326053037	3500
849	25627.52282310839	3500
850	25631.64047016721	3500
851	25635.75327862784	3500
852	25639.861259848494	3500
853	25643.964425147435	3500
854	25648.06278580317	3500
855	25652.156353054623	3500
856	25656.24513810135	3500
857	25660.329152103677	3500
858	25664.408406182927	3500
859	25668.482911421575	3500
860	25672.552678863434	3500
861	25676.617719513837	3500
862	25680.67804433982	3500
863	25684.73366427029	3500
864	25688.78459019621	3500
865	25692.830832970772	3500
866	25696.87240340957	3500
867	25700.909312290765	3500
868	25704.941570355277	3500
869	25708.96918830694	3500
870	25712.99217681268	3500
871	25717.010546502686	3500
872	25721.024307970576	3500
873	25725.03347177355	3500
874	25729.038048432587	3500
875	25733.038048432583	3500
876	25737.033482222534	3500
877	25741.024360215688	3500
878	25745.010692789718	3500
879	25748.992490286866	3500
880	25752.969763014135	3500
881	25756.942521243418	3500
882	25760.910775211665	3500
883	25764.874535121064	3500
884	25768.833811139157	3500
885	25772.78861339904	3500
886	25776.738951999487	3500
887	25780.684837005116	3500
888	25784.626278446554	3500
889	25788.563286320565	3500
890	25792.49587059022	3500
891	25796.424041185055	3500
892	25800.347808001196	3500
893	25804.267180901526	3500
894	25808.18216971584	3500
895	25812.092784240973	3500
896	25815.999034240973	3500
897	25819.900929447216	3500
898	25823.798479558573	3500
899	25827.69169424155	3500
900	25831.580583130435	3500
901	25835.465155827438	3500
902	25839.345421902824	3500
903	25843.22139089507	3500
904	25847.093072310996	3500
905	25850.96047562591	3500
906	25854.823610283744	3500
907	25858.68248569719	3500
908	25862.537111247846	3500
909	25866.38749628635	3500
910	25870.2336501325	3500
911	25874.075582075417	3500
912	25877.913301373657	3500
913	25881.746817255364	3500
914	25885.57613891838	3500
915	25889.401275530396	3500
916	25893.22223622908	3500
917	25897.039030122207	3500
918	25900.85166628778	3500
919	25904.660153774174	3500
920	25908.464501600254	3500
921	25912.264718755516	3500
922	25916.0608142002	3500
923	25919.85279686542	3500
924	25923.640675653296	3500
925	25927.42445943708	3500
926	25931.204157061264	3500
927	25934.979777341734	3500
928	25938.751329065868	3500
929	25942.518820992667	3500
930	25946.282261852877	3500
931	25950.041660349114	3500
932	25953.79702515598	3500
933	25957.548364920174	3500
934	25961.295688260645	3500
935	25965.03900376866	3500
936	25968.778320007972	3500
937	25972.513645514904	3500
938	25976.244988798484	3500
939	25979.972358340547	3500
940	25983.695762595864	3500
941	25987.415209992247	3500
942	25991.130708930672	3500
943	25994.84226778539	3500
944	25998.54989490403	3500
945	26002.253598607727	3500
946	26005.95338719123	3500
947	26009.64926892301	3500
948	26013.341252045375	3500
949	26017.02934477456	3500
950	26020.713555300874	3500
951	26024.39389178878	3500
952	26028.070362377013	3500
953	26031.742975178684	3500
954	26035.41173828141	3500
955	26039.076659747374	3500
956	26042.737747613475	3500
957	26046.395009891425	3500
958	26050.048454567834	3500
959	26053.698089604328	3500
960	26057.343922937656	3500
961	26060.985962479794	3500
962	26064.624216118045	3500
963	26068.258691715135	3500
964	26071.88939710932	3500
965	26075.5163401145	3500
966	26079.139528520296	3500
967	26082.758970092164	3500
968	26086.3746725715	3500
969	26089.986643675726	3500
970	26093.594891098404	3500
971	26097.19942250932	3500
972	26100.800245554583	3500
973	26104.397367856738	3500
974	26107.99079701485	3500
975	26111.580540604595	3500
976	26115.16660617836	3500
977	26118.749001265358	3500
978	26122.327733371694	3500
979	26125.902809980475	3500
980	26129.474238551902	3500
981	26133.042026523355	3500
982	26136.6061813095	3500
983	26140.166710302376	3500
984	26143.72362087148	3500
985	26147.276920363864	3500
986	26150.826616104223	3500
987	26154.372715395	3500
988	26157.91522551645	3500
989	26161.454153726765	3500
990	26164.989507262115	3500
991	26168.521293336784	3500
992	26172.04951914323	3500
993	26175.574191852193	3500
994	26179.09531861275	3500
995	26182.612906552444	3500
996	26186.12696277734	3500
997	26189.63749437212	3500
998	26193.14450840017	3500
999	26196.64801190367	3500
1000	26200.148011903668	3500
1001	26203.644515400167	3500
1002	26207.137529372216	3500
1003	26210.627060777995	3500
1004	26214.113116554883	3500
1005	26217.595703619554	3500
1006	26221.07482886806	3500
1007	26224.5504991759	3500
1008	26228.022721398123	3500
1009	26231.49150236938	3500
1010	26234.95684890403	3500
1011	26238.41876779621	3500
1012	26241.877265819927	3500
1013	26245.332349729106	3500
1014	26248.7840262577	3500
1015	26252.232302119766	3500
1016	26255.677184009528	3500
1017	26259.118678601462	3500
1018	26262.55679255038	3500
1019	26265.991532491495	3500
1020	26269.42290504051	3500
1021	26272.85091679369	3500
1022	26276.27557432793	3500
1023	26279.69688420085	3500
1024	26283.11485295085	3500
1025	26286.52948709719	3500
1026	26289.94079314007	3500
1027	26293.348777560714	3500
1028	26296.75344682141	3500
1029	26300.154807365623	3500
1030	26303.552865618047	3500
1031	26306.94762798468	3500
1032	26310.339100852892	3500
1033	26313.727290591512	3500
1034	26317.112203550892	3500
1035	26320.493846062964	3500
1036	26323.87222444134	3500
1037	26327.247344981355	3500
1038	26330.619213960163	3500
1039	26333.98783763677	3500
1040	26337.35322225215	3500
1041	26340.715374029285	3500
1042	26344.074299173237	3500
1043	26347.43000387122	3500
1044	26350.782494292678	3500
1045	26354.131776589325	3500
1046	26357.47785689525	3500
1047	26360.820741326956	3500
1048	26364.160435983442	3500
1049	26367.49694694626	3500
1050	26370.830280279588	3500
1051	26374.1604420303	3500
1052	26377.487438228018	3500
1053	26380.811274885185	3500
1054	26384.13195799714	3500
1055	26387.44949354216	3500
1056	26390.763887481553	3500
1057	26394.075145759693	3500
1058	26397.383274304113	3500
1059	26400.688279025544	3500
1060	26403.99016581799	3500
1061	26407.2889405588	3500
1062	26410.5846091087	3500
1063	26413.8771773119	3500
1064	26417.16665099611	3500
1065	26420.453035972634	3500
1066	26423.736338036422	3500
1067	26427.016562966128	3500
1068	26430.293716524175	3500
1069	26433.567804456816	3500
1070	26436.838832494195	3500
1071	26440.106806350403	3500
1072	26443.37173172353	3500
1073	26446.633614295755	3500
1074	26449.892459733368	3500
1075	26453.148273686853	3500
1076	26456.40106179094	3500
1077	26459.650829664664	3500
1078	26462.897582911413	3500
1079	26466.141327119007	3500
1080	26469.38206785974	3500
1081	26472.61981069045	3500
1082	26475.85456115255	3500
1083	26479.08632477212	3500
1084	26482.31510705994	3500
1085	26485.54091351155	3500
1086	26488.763749607315	3500
1087	26491.983620812465	3500
1088	26495.200532577168	3500
1089	26498.414490336574	3500
1090	26501.625499510883	3500
1091	26504.83356550538	3500
1092	26508.03869371051	3500
1093	26511.240889501907	3500
1094	26514.440158240475	3500
1095	26517.63650527244	3500
1096	26520.82993592937	3500
1097	26524.020455528276	3500
1098	26527.208069371627	3500
1099	26530.392782747425	3500
1100	26533.57460092924	3500
1101	26536.75352917629	3500
1102	26539.929572733457	3500
1103	26543.10273683137	3500
1104	26546.273026686442	3500
1105	26549.440447500918	3500
1106	26552.60500446294	3500
1107	26555.766702746587	3500
1108	26558.925547511924	3500
1109	26562.08154390507	3500
1110	26565.234697058222	3500
1111	26568.385012089722	3500
1112	26571.532494104107	3500
1113	26574.677148192153	3500
1114	26577.81897943093	3500
1115	26580.957992883843	3500
1116	26584.094193600686	3500
1117	26587.22758661769	3500
1118	26590.35817695758	3500
1119	26593.485969629608	3500
1120	26596.610969629608	3500
1121	26599.73318194004	3500
1122	26602.852611530052	3500
1123	26605.969263355517	3500
1124	26609.08314235907	3500
1125	26612.19425347018	3500
1126	26615.30260160517	3500
1127	26618.408191667273	3500
1128	26621.511028546705	3500
1129	26624.611117120658	3500
1130	26627.708462253395	3500
1131	26630.80306879628	3500
1132	26633.894941587798	3500
1133	26636.984085453634	3500
1134	26640.070505206717	3500
1135	26643.154205647243	3500
1136	26646.23519156273	3500
1137	26649.313467728072	3500
1138	26652.389038905574	3500
1139	26655.461909844995	3500
1140	26658.532085283587	3500
1141	26661.59956994616	3500
1142	26664.664368545105	3500
1143	26667.72648578045	3500
1144	26670.785926339893	3500
1145	26673.842694898845	3500
1146	26676.896796120483	3500
1147	26679.948234655792	3500
1148	26682.997015143592	3500
1149	26686.043142210605	3500
1150	26689.086620471473	3500
1151	26692.12745452881	3500
1152	26695.165648973252	3500
1153	26698.201208383485	3500
1154	26701.23413732629	3500
1155	26704.264440356594	3500
1156	26707.29212201749	3500
1157	26710.3171868403	3500
1158	26713.339639344616	3500
1159	26716.359484038312	3500
1160	26719.37672541762	3500
1161	26722.391367967142	3500
1162	26725.403416159912	3500
1163	26728.412874457415	3500
1164	26731.419747309646	3500
1165	26734.42403915514	3500
1166	26737.425754421005	3500
1167	26740.424897522968	3500
1168	26743.418170831144	3500
1169	26746.406060346748	3500
1170	26749.388984947036	3500
1171	26752.366832106683	3500
1172	26755.339574708407	3500
1173	26758.307249510173	3500
1174	26761.26987182387	3500
1175	26764.22745080412	3500
1176	26767.179999514698	3500
1177	26770.12753128798	3500
1178	26773.070058798436	3500
1179	26776.007594720497	3500
1180	26778.94015176792	3500
1181	26781.867742593327	3500
1182	26784.79037979721	3500
1183	26787.708075941435	3500
1184	26790.620843546192	3500
1185	26793.528695088724	3500
1186	26796.431643004187	3500
1187	26799.329699685917	3500
1188	26802.222877485532	3500
1189	26805.11118871307	3500
1190	26807.994645637187	3500
1191	26810.87326048535	3500
1192	26813.747045443994	3500
1193	26816.616012658684	3500
1194	26819.480174234297	3500
1195	26822.339542235208	3500
1196	26825.194128685427	3500
1197	26828.043945568792	3500
1198	26830.889004829103	3500
1199	26833.729318370348	3500
1200	26836.56489805683	3500
1201	26839.395755713318	3500
1202	26842.221903125243	3500
1203	26845.04335203885	3500
1204	26847.860114161358	3500
1205	26850.672201161124	3500
1206	26853.479624667805	3500
1207	26856.282396272516	3500
1208	26859.08052752799	3500
1209	26861.874029948736	3500
1210	26864.662915011206	3500
1211	26867.447194153938	3500
1212	26870.226878777718	3500
1213	26873.001980245743	3500
1214	26875.772509883758	3500
1215	26878.538478980234	3500
1216	26881.299898786518	3500
1217	26884.056780516945	3500
1218	26886.80913534905	3500
1219	26889.55697442367	3500
1220	26892.300308845137	3500
1221	26895.03914968138	3500
1222	26897.77350796411	3500
1223	26900.50339468896	3500
1224	26903.22882081564	3500
1225	26905.949797268044	3500
1226	26908.666334934456	3500
1227	26911.37844466764	3500
1228	26914.08613728503	3500
1229	26916.78942356884	3500
1230	26919.48831426622	3500
1231	26922.182820089405	3500
1232	26924.872951715846	3500
1233	26927.558719788343	3500
1234	26930.240134915224	3500
1235	26932.917207670434	3500
1236	26935.58994859372	3500
1237	26938.25836819072	3500
1238	26940.922476933152	3500
1239	26943.58228525892	3500
1240	26946.237803572247	3500
1241	26948.889042243834	3500
1242	26951.536011610984	3500
1243	26954.17872197772	3500
1244	26956.817183614938	3500
1245	26959.451406760545	3500
1246	26962.081401619576	3500
1247	26964.707178364322	3500
1248	26967.328747134485	3500
1249	26969.946118037282	3500
1250	26972.559301147594	3500
1251	26975.168306508094	3500
1252	26977.773144129354	3500
1253	26980.37382399	3500
1254	26982.970356036825	3500
1255	26985.562750184916	3500
1256	26988.15101631779	3500
1257	26990.735164287507	3500
1258	26993.315203914808	3500
1259	26995.89114498923	3500
1260	26998.462997269224	3500
1261	27001.03077048229	3500
1262	27003.594474325113	3500
1263	27006.15411846364	3500
1264	27008.709712533244	3500
1265	27011.26126613883	3500
1266	27013.808788854956	3500
1267	27016.35229022595	3500
1268	27018.891779766043	3500
1269	27021.42726695946	3500
1270	27023.958761260565	3500
1271	27026.48627209395	3500
1272	27029.009808854596	3500
1273	27031.529380907952	3500
1274	27034.044997590056	3500
1275	27036.55666820766	3500
1276	27039.06440203835	3500
1277	27041.56820833064	3500
1278	27044.068096304105	3500
1279	27046.564075149483	3500
1280	27049.05615402878	3500
1281	27051.544342075416	3500
1282	27054.0286483943	3500
1283	27056.509082061955	3500
1284	27058.985652126634	3500
1285	27061.458367608408	3500
1286	27063.927237499312	3500
1287	27066.392055254095	3500
1288	27068.850811092936	3500
1289	27071.30407082445	3500
1290	27073.752217836533	3500
1291	27076.195100436853	3500
1292	27078.632723109866	3500
1293	27081.065121992924	3500
1294	27083.492305345055	3500
1295	27085.914290159468	3500
1296	27088.3310932176	3500
1297	27090.742729008358	3500
1298	27093.149213043507	3500
1299	27095.550560837513	3500
1300	27097.946787626293	3500
1301	27100.337908657628	3500
1302	27102.723939129493	3500
1303	27105.104894167725	3500
1304	27107.480788847013	3500
1305	27109.85163818567	3500
1306	27112.217457144292	3500
1307	27114.578260627844	3500
1308	27116.93406348544	3500
1309	27119.284880510455	3500
1310	27121.63072644092	3500
1311	27123.971615959752	3500
1312	27126.30756369495	3500
1313	27128.638584219905	3500
1314	27130.964692053596	3500
1315	27133.285901660885	3500
1316	27135.60222745271	3500
1317	27137.913683786373	3500
1318	27140.220284965737	3500
1319	27142.522045241516	3500
1320	27144.81897881146	3500
1321	27147.111099820642	3500
1322	27149.39842236165	3500
1323	27151.68096047485	3500
1324	27153.958728148624	3500
1325	27156.231739319566	3500
1326	27158.500007872764	3500
1327	27160.763547641993	3500
1328	27163.022372409952	3500
1329	27165.2764959085	3500
1330	27167.525931818873	3500
1331	27169.770693771923	3500
1332	27172.01079534832	3500
1333	27174.246250078795	3500
1334	27176.477071444344	3500
1335	27178.703272876468	3500
1336	27180.924867757385	3500
1337	27183.141869420248	3500
1338	27185.354291149342	3500
1339	27187.562146180335	3500
1340	27189.76544770049	3500
1341	27191.96420884883	3500
1342	27194.15844271642	3500
1343	27196.348162346527	3500
1344	27198.533380734854	3500
1345	27200.714110829744	3500
1346	27202.890365532377	3500
1347	27205.06215769701	3500
1348	27207.229500131147	3500
1349	27209.39240559577	3500
1350	27211.55088680552	3500
1351	27213.704956428912	3500
1352	27215.85462708854	3500
1353	27217.99991136129	3500
1354	27220.14082177851	3500
1355	27222.277105691854	3500
1356	27224.4072838239	3500
1357	27226.531936010764	3500
1358	27228.65139445224	3500
1359	27230.765503977727	3500
1360	27232.874295108355	3500
1361	27234.97779382206	3500
1362	27237.076007897744	3500
1363	27239.168961295054	3500
1364	27241.25667128933	3500
1365	27243.339154857058	3500
1366	27245.416430294506	3500
1367	27247.48851498054	3500
1368	27249.555426465784	3500
1369	27251.61718230031	3500
1370	27253.673799860357	3500
1371	27255.72529648922	3500
1372	27257.771689455738	3500
1373	27259.81299594976	3500
1374	27261.849233094945	3500
1375	27263.880417942422	3500
1376	27265.90656747231	3500
1377	27267.927698594864	3500
1378	27269.943828150077	3500
1379	27271.954972908305	3500
1380	27273.961149570616	3500
1381	27275.96237476903	3500
1382	27277.958665066973	3500
1383	27279.95003695952	3500
1384	27281.93650687375	3500
1385	27283.918091169096	3500
1386	27285.894806137672	3500
1387	27287.866668004586	3500
1388	27289.833692928303	3500
1389	27291.7958970009	3500
1390	27293.753296248455	3500
1391	27295.705906631356	3500
1392	27297.653744044583	3500
1393	27299.59682431805	3500
1394	27301.535163216937	3500
1395	27303.46877644198	3500
1396	27305.397679629783	3500
1397	27307.32188835313	3500
1398	27309.241418121306	3500
1399	27311.15628438041	3500
1400	27313.066258717456	3500
1401	27314.970110432605	3500
1402	27316.868418704726	3500
1403	27318.761485815197	3500
1404	27320.649159704124	3500
1405	27322.531488660235	3500
1406	27324.408489081314	3500
1407	27326.280171852995	3500
1408	27328.146564873416	3500
1409	27330.00768532927	3500
1410	27331.863553559473	3500
1411	27333.71418975756	3500
1412	27335.559613009755	3500
1413	27337.39984307957	3500
1414	27339.23489937366	3500
1415	27341.06480122172	3500
1416	27342.889567932758	3500
1417	27344.70921867407	3500
1418	27346.523772546247	3500
1419	27348.333248562303	3500
1420	27350.137665644732	3500
1421	27351.937042634065	3500
1422	27353.731398284213	3500
1423	27355.52075126449	3500
1424	27357.305120160232	3500
1425	27359.084523472706	3500
1426	27360.85897961992	3500
1427	27362.62850693691	3500
1428	27364.393123676207	3500
1429	27366.152848008285	3500
1430	27367.907698021983	3500
1431	27369.65769172491	3500
1432	27371.402847043915	3500
1433	27373.14235098715	3500
1434	27374.87599538058	3500
1435	27376.604246453033	3500
1436	27378.327144370025	3500
1437	27380.044654704892	3500
1438	27381.756811112788	3500
1439	27383.463624182168	3500
1440	27385.165117933764	3500
1441	27386.861315119597	3500
1442	27388.552236615727	3500
1443	27390.2379049768	3500
1444	27391.91834131164	3500
1445	27393.593567040247	3500
1446	27395.263603472067	3500
1447	27396.92847169663	3500
1448	27398.58819281631	3500
1449	27400.242787776893	3500
1450	27401.892277433555	3500
1451	27403.536682544654	3500
1452	27405.176023758493	3500
1453	27406.810321627934	3500
1454	27408.439596603737	3500
1455	27410.063869037076	3500
1456	27411.683159180615	3500
1457	27413.297487188007	3500
1458	27414.90607367278	3500
1459	27416.50882400826	3500
1460	27418.10617916785	3500
1461	27419.698155915838	3500
1462	27421.2847388506	3500
1463	27422.865958986084	3500
1464	27424.44182775601	3500
1465	27426.01237228566	3500
1466	27427.577615189897	3500
1467	27429.137579838396	3500
1468	27430.692290313455	3500
1469	27432.241769275686	3500
1470	27433.786039989143	3500
1471	27435.325125237563	3500
1472	27436.8590477496	3500
1473	27438.387830200634	3500
1474	27439.911495078053	3500
1475	27441.430064800843	3500
1476	27442.943561650645	3500
1477	27444.452007795167	3500
1478	27445.95459867984	3500
1479	27447.451404011317	3500
1480	27448.9428285228	3500
1481	27450.428849450014	3500
1482	27451.90947968735	3500
1483	27453.384742319937	3500
1484	27454.85465257817	3500
1485	27456.319239945267	3500
1486	27457.778526496357	3500
1487	27459.23253858989	3500
1488	27460.68130104096	3500
1489	27462.124838293206	3500
1490	27463.56317518987	3500
1491	27464.996335845335	3500
1492	27466.42434457509	3500
1493	27467.847225426172	3500
1494	27469.264650140984	3500
1495	27470.67607242999	3500
1496	27472.081990076917	3500
1497	27473.482558511103	3500
1498	27474.877698587014	3500
1499	27476.267473729342	3500
1500	27477.651886033407	3500
1501	27479.030965894573	3500
1502	27480.404740265087	3500
1503	27481.77323278181	3500
1504	27483.13647258039	3500
1505	27484.494484162387	3500
1506	27485.847294395127	3500
1507	27487.19492885324	3500
1508	27488.53684960134	3500
1509	27489.872908663772	3500
1510	27491.203527937985	3500
1511	27492.528756102125	3500
1512	27493.84857866544	3500
1513	27495.163034979796	3500
1514	27496.47213778127	3500
1515	27497.77591912504	3500
1516	27499.0744040956	3500
1517	27500.367620799345	3500
1518	27501.65559743303	3500
1519	27502.938360869466	3500
1520	27504.215206163397	3500
1521	27505.48631471264	3500
1522	27506.75203762869	3500
1523	27508.012336494892	3500
1524	27509.267253580398	3500
1525	27510.516803578146	3500
1526	27511.76101239597	3500
1527	27512.999910885257	3500
1528	27514.233524056384	3500
1529	27515.461883705415	3500
1530	27516.684554504067	3500
1531	27517.901355400198	3500
1532	27519.112701299313	3500
1533	27520.318657587228	3500
1534	27521.51920846049	3500
1535	27522.71440006777	3500
1536	27523.904245355694	3500
1537	27525.088779951373	3500
1538	27526.268030230123	3500
1539	27527.441599951842	3500
1540	27528.609300208125	3500
1541	27529.771541627095	3500
1542	27530.928395100702	3500
1543	27532.079844768847	3500
1544	27533.22594006454	3500
1545	27534.36669391774	3500
1546	27535.50214391543	3500
1547	27536.63191786632	3500
1548	27537.75582532268	3500
1549	27538.874272947964	3500
1550	27539.987333599733	3500
1551	27541.094993860097	3500
1552	27542.197304509955	3500
1553	27543.29427959172	3500
1554	27544.385725946664	3500
1555	27545.47121548773	3500
1556	27546.551204764914	3500
1557	27547.62582996889	3500
1558	27548.695037983955	3500
1559	27549.75890599441	3500
1560	27550.81743447549	3500
1561	27551.87003593126	3500
1562	27552.916964377022	3500
1563	27553.958513364192	3500
1564	27554.994642373797	3500
1565	27556.025417380624	3500
1566	27557.050848337527	3500
1567	27558.070282917368	3500
1568	27559.08410774188	3500
1569	27560.09257567905	3500
1570	27561.09561775312	3500
1571	27562.093322978057	3500
1572	27563.085311685998	3500
1573	27564.071500277016	3500
1574	27565.05224779894	3500
1575	27566.027613174694	3500
1576	27566.99760445534	3500
1577	27567.961870582796	3500
1578	27568.920359013424	3500
1579	27569.873423856385	3500
1580	27570.82110514983	3500
1581	27571.76342290772	3500
1582	27572.699731597386	3500
1583	27573.630487235092	3500
1584	27574.555909227307	3500
1585	27575.475912936516	3500
1586	27576.390107010513	3500
1587	27577.29861750676	3500
1588	27578.201757414896	3500
1589	27579.099502904995	3500
1590	27579.991395073594	3500
1591	27580.877651089682	3500
1592	27581.758541712137	3500
1593	27582.633989906768	3500
1594	27583.50349042756	3500
1595	27584.36749090951	3500
1596	27585.22616823543	3500
1597	27586.079042739333	3500
1598	27586.926263558264	3500
1599	27587.768081904338	3500
1600	27588.604298340862	3500
1601	27589.43472218229	3500
1602	27590.25972352818	3500
1603	27591.07917441525	3500
1604	27591.892803971106	3500
1605	27592.701018250686	3500
1606	27593.50361396952	3500
1607	27594.30045697518	3500
1608	27595.091909985033	3500
1609	27595.877582333942	3500
1610	27596.657649278124	3500
1611	27597.43228923488	3500
1612	27598.201045459537	3500
1613	27598.964374507377	3500
1614	27599.721988386027	3500
1615	27600.4739746545	3500
1616	27601.22043447793	3500
1617	27601.961121754775	3500
1618	27602.696363354353	3500
1619	27603.42577280593	3500
1620	27604.149751631834	3500
1621	27604.86789199735	3500
1622	27605.580561685852	3500
1623	27606.287446501847	3500
1624	27606.988815336485	3500
1625	27607.684423241164	3500
1626	27608.374455989582	3500
1627	27609.05880419889	3500
1628	27609.737490462117	3500
1629	27610.410585050173	3500
1630	27611.07792015024	3500
1631	27611.73976069013	3500
1632	27612.395753865945	3500
1633	27613.046157072728	3500
1634	27613.69096340501	3500
1635	27614.329966681827	3500
1636	27614.96337063908	3500
1637	27615.591167566086	3500
1638	27616.213158561255	3500
1639	27616.82949597731	3500
1640	27617.44020820595	3500
1641	27618.045254744015	3500
1642	27618.644534053918	3500
1643	27619.238121771614	3500
1644	27619.826049781328	3500
1645	27620.40828132968	3500
1646	27620.984830718473	3500
1647	27621.55567443708	3500
1648	27622.12081845345	3500
1649	27622.680248347697	3500
1650	27623.233965715048	3500
1651	27623.781962456018	3500
1652	27624.32423854661	3500
1653	27624.860790464605	3500
1654	27625.39161840392	3500
1655	27625.916722395195	3500
1656	27626.436104024793	3500
1657	27626.949766324775	3500
1658	27627.457712988988	3500
1659	27627.95987482303	3500
1660	27628.45629915414	3500
1661	27628.947016423383	3500
1662	27629.431949341604	3500
1663	27629.911139035285	3500
1664	27630.384586620512	3500
1665	27630.852255485624	3500
1666	27631.314172543964	3500
1667	27631.770329985226	3500
1668	27632.22069236163	3500
1669	27632.665299598877	3500
1670	27633.104142053133	3500
1671	27633.537173559333	3500
1672	27633.964420462005	3500
1673	27634.385881293336	3500
1674	27634.80154855238	3500
1675	27635.211419810617	3500
1676	27635.615492547477	3500
1677	27636.01373895984	3500
1678	27636.406171173276	3500
1679	27636.792804642617	3500
1680	27637.173596352433	3500
1681	27637.548577000798	3500
1682	27637.917708058172	3500
1683	27638.281010004448	3500
1684	27638.638476532997	3500
1685	27638.990089583902	3500
1686	27639.335848233317	3500
1687	27639.67574380222	3500
1688	27640.009781231383	3500
1689	27640.337960744055	3500
1690	27640.66024787346	3500
1691	27640.976666593717	3500
1692	27641.287207157828	3500
1693	27641.59184751491	3500
1694	27641.890595955683	3500
1695	27642.183437510594	3500
1696	27642.470381725827	3500
1697	27642.75141205272	3500
1698	27643.026531948522	3500
1699	27643.295729481724	3500
1700	27643.558999371282	3500
1701	27643.816343287475	3500
1702	27644.06775417172	3500
1703	27644.313230894237	3500
1704	27644.552765187927	3500
1705	27644.78635585793	3500
1706	27645.014007755093	3500
1707	27645.23570982998	3500
1708	27645.451466645805	3500
1709	27645.661271930094	3500
1710	27645.865137230623	3500
1711	27646.063057509284	3500
1712	27646.255034570397	3500
1713	27646.441081316258	3500
1714	27646.621196175554	3500
1715	27646.79538831019	3500
1716	27646.9636716027	3500
1717	27647.12605435276	3500
1718	27647.273673793246	3367
1719	27647.392375968448	3240
1720	27647.491891623464	3136
1721	27647.577369159633	3050
1722	27647.652419460395	2974
1723	27647.719500955416	2910
1724	27647.780296502548	2854
1725	27647.835990646487	2802
1726	27647.88745154977	2752
1727	27647.935330424363	2708
1728	27647.980128300747	2664
1729	27648.022234438533	2622
1730	27648.06195723142	2582
1731	27648.09953472727	2542
1732	27648.135158025492	2502
1733	27648.1689713977	2462
1734	27648.201083748052	2424
1735	27648.231572419587	2384
1736	27648.26048680547	2346
1737	27648.287850712626	2306
1738	27648.313667985614	2266
1739	27648.337917888955	2226
1740	27648.360565042865	2184
1741	27648.38155287792	2142
1742	27648.4008122289	2100
1743	27648.418255771943	2058
1744	27648.433788633833	2016
1745	27648.447296972237	1972
1746	27648.45866359124	1928
1747	27648.467756439717	1884
1748	27648.474440692386	1840
1749	27648.47856976702	1794
1750	27648.4799974437	1750
1751	27648.478530034143	1705
1752	27648.474049434186	1661
1753	27648.466399842957	1617
1754	27648.455423831514	1573
1755	27648.44096534987	1529
1756	27648.422869897953	1485
1757	27648.400987120946	1441
1758	27648.375165881844	1399
1759	27648.345263794057	1357
1760	27648.311139837333	1317
1761	27648.272658811708	1275
1762	27648.229691445136	1235
1763	27648.182113036804	1197
1764	27648.12980728544	1159
1765	27648.07266224097	1121
1766	27648.01057233131	1085
1767	27647.94343966766	1049
1768	27647.871171185732	1015
1769	27647.793681359643	981
1770	27647.710891243907	949
1771	27647.622725253394	917
1772	27647.529116470785	885
1773	27647.43000420488	855
1774	27647.325329977026	827
1775	27647.21504429236	799
1776	27647.099099352417	771
1777	27646.977454219654	745
1778	27646.850072551093	721
1779	27646.716917910937	695
1780	27646.57796371533	673
1781	27646.433182255845	649
1782	27646.282552953846	627
1783	27646.12605435276	607
1784	27645.9636716027	587
1785	27645.79538831019	567
1786	27645.621196175554	549
1787	27645.441081316258	531
1788	27645.255034570397	513
1789	27645.063057509284	497
1790	27644.865137230623	481
1791	27644.661271930094	465
1792	27644.451466645805	451
1793	27644.23570982998	435
1794	27644.014007755093	423
1795	27643.78635585793	409
1796	27643.552765187927	397
1797	27643.313230894237	385
1798	27643.06775417172	373
1799	27642.816343287475	361
1800	27642.558999371282	351
1801	27642.295729481724	341
1802	27642.026531948522	331
1803	27641.75141205272	321
1804	27641.470381725827	311
1805	27641.183437510594	303
1806	27640.890595955683	295
1807	27640.59184751491	285
1808	27640.287207157828	279
1809	27639.976666593717	271
1810	27639.66024787346	263
1811	27639.337960744055	255
1812	27639.009781231383	249
1813	27638.67574380222	243
1814	27638.335848233317	237
1815	27637.990089583902	231
1816	27637.638476532997	225
1817	27637.281010004448	219
1818	27636.917708058172	213
1819	27636.548577000798	207
1820	27636.173596352433	203
1821	27635.792804642617	197
1822	27635.406171173276	193
1823	27635.01373895984	189
1824	27634.615492547477	183
1825	27634.211419810617	179
1826	27633.80154855238	175
1827	27633.385881293336	171
1828	27632.964420462005	167
1829	27632.537173559333	163
1830	27632.104142053133	161
1831	27631.665299598877	157
1832	27631.22069236163	153
1833	27630.770329985226	149
1834	27630.314172543964	147
1835	27629.852255485624	143
1836	27629.384586620512	141
1837	27628.911139035285	137
1838	27628.431949341604	135
1839	27627.947016423383	131
1840	27627.45629915414	129
1841	27626.95987482303	127
1842	27626.457712988988	123
1843	27625.949766324775	121
1844	27625.436104024793	119
1845	27624.916722395195	117
1846	27624.39161840392	115
1847	27623.860790464605	113
1848	27623.32423854661	111
1849	27622.781962456018	109
1850	27622.233965715048	107
1851	27621.680248347697	105
1852	27621.12081845345	103
1853	27620.55567443708	101
1854	27619.984830718473	99
1855	27619.40828132968	97
1856	27618.826049781328	95
1857	27618.238121771614	93
1858	27617.644534053918	91
1859	27617.045254744015	91
1860	27616.44020820595	89
1861	27615.82949597731	87
1862	27615.213158561255	85
1863	27614.591167566086	85
1864	27613.96337063908	83
1865	27613.329966681827	81
1866	27612.69096340501	79
1867	27612.046157072728	79
1868	27611.395753865945	77
1869	27610.73976069013	77
1870	27610.07792015024	75
1871	27609.410585050173	73
1872	27608.737490462117	73
1873	27608.05880419889	71
1874	27607.374455989582	71
1875	27606.684423241164	69
1876	27605.988815336485	69
1877	27605.287446501847	67
1878	27604.580561685852	65
1879	27603.86789199735	65
1880	27603.149751631834	65
1881	27602.42577280593	63
1882	27601.696363354353	63
1883	27600.961121754775	61
1884	27600.22043447793	61
1885	27599.4739746545	59
1886	27598.721988386027	59
1887	27597.964374507377	57
1888	27597.201045459537	57
1889	27596.43228923488	57
1890	27595.657649278124	55
1891	27594.877582333942	55
1892	27594.091909985033	53
1893	27593.30045697518	53
1894	27592.50361396952	53
1895	27591.701018250686	51
1896	27590.892803971106	51
1897	27590.07917441525	51
1898	27589.25972352818	49
1899	27588.43472218229	49
1900	27587.604298340862	49
1901	27586.768081904338	47
1902	27585.926263558264	47
1903	27585.079042739333	47
1904	27584.22616823543	45
1905	27583.36749090951	45
1906	27582.50349042756	45
1907	27581.633989906768	45
1908	27580.758541712137	43
1909	27579.877651089682	43
1910	27578.991395073594	43
1911	27578.099502904995	41
1912	27577.201757414896	41
1913	27576.29861750676	41
1914	27575.390107010513	41
1915	27574.475912936516	39
1916	27573.555909227307	39
1917	27572.630487235092	39
1918	27571.699731597386	39
1919	27570.76342290772	37
1920	27569.82110514983	37
1921	27568.873423856385	37
1922	27567.920359013424	37
1923	27566.961870582796	37
1924	27565.99760445534	35
1925	27565.027613174694	35
1926	27564.05224779894	35
1927	27563.071500277016	35
1928	27562.085311685998	35
1929	27561.093322978057	33
1930	27560.09561775312	33
1931	27559.09257567905	33
1932	27558.08410774188	33
1933	27557.070282917368	33
1934	27556.050848337527	31
1935	27555.025417380624	31
1936	27553.994642373797	31
1937	27552.958513364192	31
1938	27551.916964377022	31
1939	27550.87003593126	31
1940	27549.81743447549	29
1941	27548.75890599441	29
1942	27547.695037983955	29
1943	27546.62582996889	29
1944	27545.551204764914	29
1945	27544.47121548773	29
1946	27543.385725946664	29
1947	27542.29427959172	27
1948	27541.197304509955	27
1949	27540.094993860097	27
1950	27538.987333599733	27
1951	27537.874272947964	27
1952	27536.75582532268	27
1953	27535.63191786632	27
1954	27534.50214391543	25
1955	27533.36669391774	25
1956	27532.22594006454	25
1957	27531.079844768847	25
1958	27529.928395100702	25
1959	27528.771541627095	25
1960	27527.609300208125	25
1961	27526.441599951842	25
1962	27525.268030230123	23
1963	27524.088779951373	23
1964	27522.904245355694	23
1965	27521.71440006777	23
1966	27520.51920846049	23
1967	27519.318657587228	23
1968	27518.112701299313	23
1969	27516.901355400198	23
1970	27515.684554504067	23
1971	27514.461883705415	21
1972	27513.233524056384	21
1973	27511.999910885257	21
1974	27510.76101239597	21
1975	27509.516803578146	21
1976	27508.267253580398	21
1977	27507.012336494892	21
1978	27505.75203762869	21
1979	27504.48631471264	21
1980	27503.215206163397	21
1981	27501.938360869466	19
1982	27500.65559743303	19
1983	27499.367620799345	19
1984	27498.0744040956	19
1985	27496.77591912504	19
1986	27495.47213778127	19
1987	27494.163034979796	19
1988	27492.84857866544	19
1989	27491.528756102125	19
1990	27490.203527937985	19
1991	27488.872908663772	19
1992	27487.53684960134	19
1993	27486.19492885324	17
1994	27484.847294395127	17
1995	27483.494484162387	17
1996	27482.13647258039	17
1997	27480.77323278181	17
1998	27479.404740265087	17
1999	27478.030965894573	17
2000	27476.651886033407	17
2001	27475.267473729342	17
2002	27473.877698587014	17
2003	27472.482558511103	17
2004	27471.081990076917	17
2005	27469.67607242999	17
2006	27468.264650140984	17
2007	27466.847225426172	15
2008	27465.42434457509	15
2009	27463.996335845335	15
2010	27462.56317518987	15
2011	27461.124838293206	15
2012	27459.68130104096	15
2013	27458.23253858989	15
2014	27456.778526496357	15
2015	27455.319239945267	15
2016	27453.85465257817	15
2017	27452.384742319937	15
2018	27450.90947968735	15
2019	27449.428849450014	15
2020	27447.9428285228	15
2021	27446.451404011317	15
2022	27444.95459867984	15
2023	27443.452007795167	13
2024	27441.943561650645	13
2025	27440.430064800843	13
2026	27438.911495078053	13
2027	27437.387830200634	13
2028	27435.8590477496	13
2029	27434.325125237563	13
2030	27432.786039989143	13
2031	27431.241769275686	13
2032	27429.692290313455	13
2033	27428.137579838396	13
2034	27426.577615189897	13
2035	27425.01237228566	13
2036	27423.44182775601	13
2037	27421.865958986084	13
2038	27420.2847388506	13
2039	27418.698155915838	13
2040	27417.10617916785	13
2041	27415.50882400826	13
2042	27413.90607367278	13
2043	27412.297487188007	11
2044	27410.683159180615	11
2045	27409.063869037076	11
2046	27407.439596603737	11
2047	27405.810321627934	11
2048	27404.176023758493	11
2049	27402.536682544654	11
2050	27400.892277433555	11
2051	27399.242787776893	11
2052	27397.58819281631	11
2053	27395.92847169663	11
2054	27394.263603472067	11
2055	27392.593567040247	11
2056	27390.91834131164	11
2057	27389.2379049768	11
2058	27387.552236615727	11
2059	27385.861315119597	11
2060	27384.165117933764	11
2061	27382.463624182168	11
2062	27380.756811112788	11
2063	27379.044654704892	11
2064	27377.327144370025	11
2065	27375.604246453033	11
2066	27373.87599538058	11
2067	27372.14235098715	11
2068	27370.402847043915	9
2069	27368.65769172491	9
2070	27366.907698021983	9
2071	27365.152848008285	9
2072	27363.393123676207	9
2073	27361.62850693691	9
2074	27359.85897961992	9
2075	27358.084523472706	9
2076	27356.305120160232	9
2077	27354.52075126449	9
2078	27352.731398284213	9
2079	27350.937042634065	9
2080	27349.137665644732	9
2081	27347.333248562303	9
2082	27345.523772546247	9
2083	27343.70921867407	9
2084	27341.889567932758	9
2085	27340.06480122172	9
2086	27338.23489937366	9
2087	27336.39984307957	9
2088	27334.559613009755	9
2089	27332.71418975756	9
2090	27330.863553559473	9
2091	27329.00768532927	9
2092	27327.146564873416	9
2093	27325.280171852995	9
2094	27323.408489081314	9
2095	27321.531488660235	9
2096	27319.649159704124	9
2097	27317.761485815197	9
2098	27315.868418704726	9
2099	27313.970110432605	9
2100	27312.066258717456	9
2101	27310.15628438041	7
2102	27308.241418121306	7
2103	27306.32188835313	7
2104	27304.397679629783	7
2105	27302.46877644198	7
2106	27300.535163216937	7
2107	27298.59682431805	7
2108	27296.653744044583	7
2109	27294.705906631356	7
2110	27292.753296248455	7
2111	27290.7958970009	7
2112	27288.833692928303	7
2113	27286.866668004586	7
2114	27284.894806137672	7
2115	27282.918091169096	7
2116	27280.93650687375	7
2117	27278.95003695952	7
2118	27276.958665066973	7
2119	27274.96237476903	7
2120	27272.961149570616	7
2121	27270.954972908305	7
2122	27268.943828150077	7
2123	27266.927698594864	7
2124	27264.90656747231	7
2125	27262.880417942422	7
2126	27260.849233094945	7
2127	27258.81299594976	7
2128	27256.771689455738	7
2129	27254.72529648922	7
2130	27252.673799860357	7
2131	27250.61718230031	7
2132	27248.555426465784	7
2133	27246.48851498054	7
2134	27244.416430294506	7
2135	27242.339154857058	7
2136	27240.25667128933	7
2137	27238.168961295054	7
2138	27236.076007897744	7
2139	27233.97779382206	7
2140	27231.874295108355	7
2141	27229.765503977727	7
2142	27227.65139445224	7
2143	27225.531936010764	7
2144	27223.4072838239	7
2145	27221.277105691854	7
2146	27219.14082177851	5
2147	27216.99991136129	5
2148	27214.85462708854	5
2149	27212.704956428912	5
2150	27210.55088680552	5
2151	27208.39240559577	5
2152	27206.229500131147	5
2153	27204.06215769701	5
2154	27201.890365532377	5
2155	27199.714110829744	5
2156	27197.533380734854	5
2157	27195.348162346527	5
2158	27193.15844271642	5
2159	27190.96420884883	5
2160	27188.76544770049	5
2161	27186.562146180335	5
2162	27184.354291149342	5
2163	27182.141869420248	5
2164	27179.924867757385	5
2165	27177.703272876468	5
2166	27175.477071444344	5
2167	27173.246250078795	5
2168	27171.01079534832	5
2169	27168.770693771923	5
2170	27166.525931818873	5
2171	27164.2764959085	5
2172	27162.022372409952	5
2173	27159.763547641993	5
2174	27157.500007872764	5
2175	27155.231739319566	5
2176	27152.958728148624	5
2177	27150.68096047485	5
2178	27148.39842236165	5
2179	27146.111099820642	5
2180	27143.81897881146	5
2181	27141.522045241516	5
2182	27139.220284965737	5
2183	27136.913683786373	5
2184	27134.60222745271	5
2185	27132.285901660885	5
2186	27129.964692053596	5
2187	27127.638584219905	5
2188	27125.30756369495	5
2189	27122.971615959752	5
2190	27120.63072644092	5
2191	27118.284880510455	5
2192	27115.93406348544	5
2193	27113.578260627844	5
2194	27111.217457144292	5
2195	27108.85163818567	5
2196	27106.480788847013	5
2197	27104.104894167725	5
2198	27101.723939129493	5
2199	27099.337908657628	5
2200	27096.946787626293	5
2201	27094.550560837513	5
2202	27092.149213043507	5
2203	27089.742729008358	5
2204	27087.3310932176	5
2205	27084.914290159468	5
2206	27082.492305345055	5
2207	27080.065121992924	5
2208	27077.632723109866	5
2209	27075.195100436853	5
2210	27072.752217836533	5
2211	27070.30407082445	5
2212	27067.850811092936	5
2213	27065.392055254095	5
2214	27062.927237499312	3
2215	27060.458367608408	3
2216	27057.985652126634	3
2217	27055.509082061955	3
2218	27053.0286483943	3
2219	27050.544342075416	3
2220	27048.05615402878	3
2221	27045.564075149483	3
2222	27043.068096304105	3
2223	27040.56820833064	3
2224	27038.06440203835	3
2225	27035.55666820766	3
2226	27033.044997590056	3
2227	27030.529380907952	3
2228	27028.009808854596	3
2229	27025.48627209395	3
2230	27022.958761260565	3
2231	27020.42726695946	3
2232	27017.891779766043	3
2233	27015.35229022595	3
2234	27012.808788854956	3
2235	27010.26126613883	3
2236	27007.709712533244	3
2237	27005.15411846364	3
2238	27002.594474325113	3
2239	27000.03077048229	3
2240	26997.462997269224	3
2241	26994.89114498923	3
2242	26992.315203914808	3
2243	26989.735164287507	3
2244	26987.15101631779	3
2245	26984.562750184916	3
2246	26981.970356036825	3
2247	26979.37382399	3
2248	26976.773144129354	3
2249	26974.168306508094	3
2250	26971.559301147594	3
2251	26968.946118037282	3
2252	26966.328747134485	3
2253	26963.707178364322	3
2254	26961.081401619576	3
2255	26958.451406760545	3
2256	26955.817183614938	3
2257	26953.17872197772	3
2258	26950.536011610984	3
2259	26947.889042243834	3
2260	26945.237803572247	3
2261	26942.58228525892	3
2262	26939.922476933152	3
2263	26937.25836819072	3
2264	26934.58994859372	3
2265	26931.917207670434	3
2266	26929.240134915224	3
2267	26926.558719788343	3
2268	26923.872951715846	3
2269	26921.182820089405	3
2270	26918.48831426622	3
2271	26915.78942356884	3
2272	26913.08613728503	3
2273	26910.37844466764	3
2274	26907.666334934456	3
2275	26904.949797268044	3
2276	26902.22882081564	3
2277	26899.50339468896	3
2278	26896.77350796411	3
2279	26894.03914968138	3
2280	26891.300308845137	3
2281	26888.55697442367	3
2282	26885.80913534905	3
2283	26883.056780516945	3
2284	26880.299898786518	3
2285	26877.538478980234	3
2286	26874.772509883758	3
2287	26872.001980245743	3
2288	26869.226878777718	3
2289	26866.447194153938	3
2290	26863.662915011206	3
2291	26860.874029948736	3
2292	26858.08052752799	3
2293	26855.282396272516	3
2294	26852.479624667805	3
2295	26849.672201161124	3
2296	26846.860114161358	3
2297	26844.04335203885	3
2298	26841.221903125243	3
2299	26838.395755713318	3
2300	26835.56489805683	3
2301	26832.729318370348	3
2302	26829.889004829103	3
2303	26827.043945568792	3
2304	26824.194128685427	3
2305	26821.339542235208	3
2306	26818.480174234297	3
2307	26815.616012658684	3
2308	26812.747045443994	3
2309	26809.87326048535	3
2310	26806.994645637187	3
2311	26804.11118871307	3
2312	26801.222877485532	3
2313	26798.329699685917	3
2314	26795.431643004187	3
2315	26792.528695088724	3
2316	26789.620843546192	3
2317	26786.708075941435	3
2318	26783.79037979721	3
2319	26780.867742593327	3
2320	26777.94015176792	3
2321	26775.007594720497	3
2322	26772.070058798436	3
2323	26769.12753128798	3
2324	26766.179999514698	3
2325	26763.22745080412	3
2326	26760.26987182387	3
2327	26757.307249510173	3
2328	26754.339574708407	3
2329	26751.366832106683	3
2330	26748.388984947036	3
2331	26745.406060346748	3
2332	26742.418170831144	3
2333	26739.424897522968	1
2334	26736.425754421005	1
2335	26733.42403915514	1
2336	26730.419747309646	1
2337	26727.412874457415	1
2338	26724.403416159912	1
2339	26721.391367967142	1
2340	26718.37672541762	1
2341	26715.359484038312	1
2342	26712.339639344616	1
2343	26709.3171868403	1
2344	26706.29212201749	1
2345	26703.264440356594	1
2346	26700.23413732629	1
2347	26697.201208383485	1
2348	26694.165648973252	1
2349	26691.12745452881	1
2350	26688.086620471473	1
2351	26685.043142210605	1
2352	26681.997015143592	1
2353	26678.948234655792	1
2354	26675.896796120483	1
2355	26672.842694898845	1
2356	26669.785926339893	1
2357	26666.72648578045	1
2358	26663.664368545105	1
2359	26660.59956994616	1
2360	26657.532085283587	1
2361	26654.461909844995	1
2362	26651.389038905574	1
2363	26648.313467728072	1
2364	26645.23519156273	1
2365	26642.154205647243	1
2366	26639.070505206717	1
2367	26635.984085453634	1
2368	26632.894941587798	1
2369	26629.80306879628	1
2370	26626.708462253395	1
2371	26623.611117120658	1
2372	26620.511028546705	1
2373	26617.408191667273	1
2374	26614.30260160517	1
2375	26611.19425347018	1
2376	26608.08314235907	1
2377	26604.969263355517	1
2378	26601.852611530052	1
2379	26598.73318194004	1
2380	26595.610969629608	1
2381	26592.485969629608	1
2382	26589.35817695758	1
2383	26586.22758661769	1
2384	26583.094193600686	1
2385	26579.957992883843	1
2386	26576.81897943093	1
2387	26573.677148192153	1
2388	26570.532494104107	1
2389	26567.385012089722	1
2390	26564.234697058222	1
2391	26561.08154390507	1
2392	26557.925547511924	1
2393	26554.766702746587	1
2394	26551.60500446294	1
2395	26548.440447500918	1
2396	26545.273026686442	1
2397	26542.10273683137	1
2398	26538.929572733457	1
2399	26535.75352917629	1
2400	26532.57460092924	1
2401	26529.392782747425	1
2402	26526.208069371627	1
2403	26523.020455528276	1
2404	26519.82993592937	1
2405	26516.63650527244	1
2406	26513.440158240475	1
2407	26510.240889501907	1
2408	26507.03869371051	1
2409	26503.83356550538	1
2410	26500.625499510883	1
2411	26497.414490336574	1
2412	26494.200532577168	1
2413	26490.983620812465	1
2414	26487.763749607315	1
2415	26484.54091351155	1
2416	26481.31510705994	1
2417	26478.08632477212	1
2418	26474.85456115255	1
2419	26471.61981069045	1
2420	26468.38206785974	1
2421	26465.141327119007	1
2422	26461.897582911413	1
2423	26458.650829664664	1
2424	26455.40106179094	1
2425	26452.148273686853	1
2426	26448.892459733368	1
2427	26445.633614295755	1
2428	26442.37173172353	1
2429	26439.106806350403	1
2430	26435.838832494195	1
2431	26432.567804456816	1
2432	26429.293716524175	1
2433	26426.016562966128	1
2434	26422.736338036422	1
2435	26419.453035972634	1
2436	26416.16665099611	1
2437	26412.8771773119	1
2438	26409.5846091087	1
2439	26406.2889405588	1
2440	26402.99016581799	1
2441	26399.688279025544	1
2442	26396.383274304113	1
2443	26393.075145759693	1
2444	26389.763887481553	1
2445	26386.44949354216	1
2446	26383.13195799714	1
2447	26379.811274885185	1
2448	26376.487438228018	1
2449	26373.1604420303	1
2450	26369.830280279588	1
2451	26366.49694694626	1
2452	26363.160435983442	1
2453	26359.820741326956	1
2454	26356.47785689525	1
2455	26353.131776589325	1
2456	26349.782494292678	1
2457	26346.43000387122	1
2458	26343.074299173237	1
2459	26339.715374029285	1
2460	26336.35322225215	1
2461	26332.98783763677	1
2462	26329.619213960163	1
2463	26326.247344981355	1
2464	26322.87222444134	1
2465	26319.493846062964	1
2466	26316.112203550892	1
2467	26312.727290591512	1
2468	26309.339100852892	1
2469	26305.94762798468	1
2470	26302.552865618047	1
2471	26299.154807365623	1
2472	26295.75344682141	1
2473	26292.348777560714	1
2474	26288.94079314007	1
2475	26285.52948709719	1
2476	26282.11485295085	1
2477	26278.69688420085	1
2478	26275.27557432793	1
2479	26271.85091679369	1
2480	26268.42290504051	1
2481	26264.991532491495	1
2482	26261.55679255038	1
2483	26258.118678601462	1
2484	26254.677184009528	1
2485	26251.232302119766	1
2486	26247.7840262577	1
2487	26244.332349729106	1
2488	26240.877265819927	1
2489	26237.41876779621	1
2490	26233.95684890403	1
2491	26230.49150236938	1
2492	26227.022721398123	1
2493	26223.5504991759	1
2494	26220.07482886806	1
2495	26216.595703619554	1
2496	26213.113116554883	1
2497	26209.627060777995	1
2498	26206.137529372216	1
2499	26202.644515400167	1
2500	26199.148011903668	1
2501	26195.64801190367	1
2502	26192.14450840017	1
2503	26188.63749437212	1
2504	26185.12696277734	1
2505	26181.612906552444	1
2506	26178.09531861275	1
2507	26174.574191852193	1
2508	26171.04951914323	1
2509	26167.521293336784	1
2510	26163.989507262115	1
2511	26160.454153726765	1
2512	26156.91522551645	1
2513	26153.372715395	1
2514	26149.826616104223	1
2515	26146.276920363864	1
2516	26142.72362087148	1
2517	26139.166710302376	1
2518	26135.6061813095	1
2519	26132.042026523355	1
2520	26128.474238551902	1
2521	26124.902809980475	1
2522	26121.327733371694	1
2523	26117.749001265358	1
2524	26114.16660617836	1
2525	26110.580540604595	1
2526	26106.99079701485	1
2527	26103.397367856738	1
2528	26099.800245554583	1
2529	26096.19942250932	1
2530	26092.594891098404	1
2531	26088.986643675726	1
2532	26085.3746725715	1
2533	26081.758970092164	1
2534	26078.139528520296	1
2535	26074.5163401145	1
2536	26070.88939710932	1
2537	26067.258691715135	1
2538	26063.624216118045	1
2539	26059.985962479794	1
2540	26056.343922937656	1
2541	26052.698089604328	1
2542	26049.048454567834	1
2543	26045.395009891425	1
2544	26041.737747613475	1
2545	26038.076659747374	1
2546	26034.41173828141	1
2547	26030.742975178684	1
2548	26027.070362377013	1
2549	26023.39389178878	1
2550	26019.713555300874	1
2551	26016.02934477456	1
2552	26012.341252045375	1
2553	26008.64926892301	1
2554	26004.95338719123	1
2555	26001.253598607727	1
2556	25997.54989490403	1
2557	25993.84226778539	1
2558	25990.130708930672	1
2559	25986.415209992247	1
2560	25982.695762595864	1
2561	25978.972358340547	1
2562	25975.244988798484	1
2563	25971.513645514904	1
2564	25967.778320007972	1
2565	25964.03900376866	1
2566	25960.295688260645	1
2567	25956.548364920174	1
2568	25952.79702515598	1
2569	25949.041660349114	1
2570	25945.282261852877	1
2571	25941.518820992667	1
2572	25937.751329065868	1
2573	25933.979777341734	1
2574	25930.204157061264	1
2575	25926.42445943708	1
2576	25922.640675653296	1
2577	25918.85279686542	1
2578	25915.0608142002	1
2579	25911.264718755516	1
2580	25907.464501600254	1
2581	25903.660153774174	1
2582	25899.85166628778	1
2583	25896.039030122207	1
2584	25892.22223622908	1
2585	25888.401275530396	1
2586	25884.57613891838	1
2587	25880.746817255364	1
2588	25876.913301373657	1
2589	25873.075582075417	1
2590	25869.2336501325	1
2591	25865.38749628635	1
2592	25861.537111247846	1
2593	25857.68248569719	1
2594	25853.823610283744	1
2595	25849.96047562591	1
2596	25846.093072310996	1
2597	25842.22139089507	1
2598	25838.345421902824	1
2599	25834.465155827438	1
2600	25830.580583130435	1
2601	25826.69169424155	1
2602	25822.798479558573	1
2603	25818.900929447216	1
2604	25814.999034240973	1
2605	25811.092784240973	1
2606	25807.18216971584	1
2607	25803.267180901526	1
2608	25799.347808001196	1
2609	25795.424041185055	1
2610	25791.49587059022	1
2611	25787.563286320565	1
2612	25783.626278446554	1
2613	25779.684837005116	1
2614	25775.738951999487	1
2615	25771.78861339904	1
2616	25767.833811139157	1
2617	25763.874535121064	1
2618	25759.910775211665	1
2619	25755.942521243418	1
2620	25751.969763014135	1
2621	25747.992490286866	1
2622	25744.010692789718	1
2623	25740.024360215688	1
2624	25736.033482222534	1
2625	25732.038048432583	1
2626	25728.038048432587	1
2627	25724.03347177355	1
2628	25720.024307970576	1
2629	25716.010546502686	1
2630	25711.99217681268	1
2631	25707.96918830694	1
2632	25703.941570355277	1
2633	25699.909312290765	1
2634	25695.87240340957	1
2635	25691.830832970772	1
2636	25687.78459019621	1
2637	25683.73366427029	1
2638	25679.67804433982	1
2639	25675.617719513837	1
2640	25671.552678863434	1
2641	25667.482911421575	1
2642	25663.408406182927	1
2643	25659.329152103677	1
2644	25655.24513810135	1
2645	25651.156353054623	1
2646	25647.06278580317	1
2647	25642.964425147435	1
2648	25638.861259848494	1
2649	25634.75327862784	1
2650	25630.64047016721	1
2651	25626.52282310839	1
2652	25622.400326053037	1
2653	25618.272967562476	1
2654	25614.14073615752	1
2655	25610.003620318283	1
2656	25605.861608483967	1
2657	25601.714689052693	1
2658	25597.562850381288	1
2659	25593.406080785095	1
2660	25589.244368537773	1
2661	25585.077701871112	1
2662	25580.906068974815	1
2663	25576.729457996298	1
2664	25572.547857040507	1
2665	25568.361254169693	1
2666	25564.169637403233	1
2667	25559.97299471738	1
2668	25555.771314045112	1
2669	25551.56458327589	1
2670	25547.352790255438	1
2671	25543.13592278556	1
2672	25538.913968623925	1
2673	25534.68691548383	1
2674	25530.454751034016	1
2675	25526.21746289843	1
2676	25521.975038656008	1
2677	25517.727465840482	1
2678	25513.474731940125	1
2679	25509.21682439755	1
2680	25504.953730609494	1
2681	25500.685437926568	1
2682	25496.411933653068	1
2683	25492.133205046714	1
2684	25487.849239318442	1
2685	25483.56002363217	1
2686	25479.265545104565	1
2687	25474.965790804818	1
2688	25470.66074775439	1
2689	25466.350402926808	1
2690	25462.034743247405	1
2691	25457.713755593082	1
2692	25453.3874267921	1
2693	25449.055743623787	1
2694	25444.718692818336	1
2695	25440.376261056557	1
2696	25436.0284349696	1
2697	25431.67520113876	1
2698	25427.31654609518	1
2699	25422.952456319617	1
2700	25418.582918242217	1
2701	25414.20791824222	1
2702	25409.827442647726	1
2703	25405.44147773545	1
2704	25401.050009730436	1
2705	25396.65302480582	1
2706	25392.250509082554	1
2707	25387.84244862916	1
2708	25383.42882946145	1
2709	25379.00963754226	1
2710	25374.584858781203	1
2711	25370.15447903437	1
2712	25365.718484104083	1
2713	25361.276859738602	1
2714	25356.82959163187	1
2715	25352.37666542322	1
2716	25347.91806669711	1
2717	25343.45378098283	1
2718	25338.983793754225	1
2719	25334.508090429415	1
2720	25330.02665637052	1
2721	25325.539476883343	1
2722	25321.046537217113	1
2723	25316.547822564156	1
2724	25312.043318059656	1
2725	25307.533008781313	1
2726	25303.01687974906	1
2727	25298.49491592477	1
2728	25293.96710221197	1
2729	25289.433423455495	1
2730	25284.893864441234	1
2731	25280.348409895785	1
2732	25275.79704448617	1
2733	25271.23975281951	1
2734	25266.676519442724	1
2735	25262.107328842205	1
2736	25257.53216544352	1
2737	25252.951013611066	1
2738	25248.363857647764	1
2739	25243.770681794747	1
2740	25239.17147023102	1
2741	25234.566207073134	1
2742	25229.954876374853	1
2743	25225.337462126838	1
2744	25220.713948256296	1
2745	25216.08431862667	1
2746	25211.44855703727	1
2747	25206.806647222955	1
2748	25202.15857285377	1
2749	25197.50431753462	1
2750	25192.84386480493	1
2751	25188.17719813827	1
2752	25183.50430094201	1
2753	25178.825156556988	1
2754	25174.139748257123	1
2755	25169.448059249084	1
2756	25164.750072671908	1
2757	25160.04577159664	1
2758	25155.33513902598	1
2759	25150.61815789391	1
2760	25145.894811065307	1
2761	25141.165081335585	1
2762	25136.42895143031	1
2763	25131.68640400484	1
2764	25126.937421643925	1
2765	25122.18198686132	1
2766	25117.420082099423	1
2767	25112.651689728853	1
2768	25107.876792048093	1
2769	25103.095371283074	1
2770	25098.307409586774	1
2771	25093.512889038833	1
2772	25088.71179164515	1
2773	25083.904099337466	1
2774	25079.08979397296	1
2775	25074.268857333846	1
2776	25069.441271126954	1
2777	25064.607016983315	1
2778	25059.76607645773	1
2779	25054.91843102837	1
2780	25050.064062096335	1
2781	25045.202950985225	1
2782	25040.335078940723	1
2783	25035.460427130147	1
2784	25030.578976642006	1
2785	25025.69070848558	1
2786	25020.795603590483	1
2787	25015.89364280617	1
2788	25010.984806901546	1
2789	25006.069076564476	1
2790	25001.14643240133	1
2791	24996.21685493654	1
2792	24991.280324612148	1
2793	24986.336821787296	1
2794	24981.386326737793	1
2795	24976.428819655644	1
2796	24971.464280648557	1
2797	24966.49268973947	1
2798	24961.514026866073	1
2799	24956.52827188032	1
2800	24951.535404547947	1
2801	24946.53540454795	1
2802	24941.528251472133	1
2803	24936.513924824572	1
2804	24931.49240402113	1
2805	24926.463668388948	1
2806	24921.42769716593	1
2807	24916.38446950023	1
2808	24911.333964449732	1
2809	24906.27616098153	1
2810	24901.211037971403	1
2811	24896.13857420329	1
2812	24891.058748368752	1
2813	24885.97153906643	1
2814	24880.876924801516	1
2815	24875.774883985192	1
2816	24870.6653949341	1
2817	24865.548435869776	1
2818	24860.423984918096	1
2819	24855.292020108718	1
2820	24850.152519374507	1
2821	24845.005460550983	1
2822	24839.850821375727	1
2823	24834.688579487825	1
2824	24829.518712427267	1
2825	24824.34119763437	1
2826	24819.156012449195	1
2827	24813.963134110923	1
2828	24808.76253975729	1
2829	24803.55420642396	1
2830	24798.338111043937	1
2831	24793.114230446925	1
2832	24787.88254135874	1
2833	24782.643020400665	1
2834	24777.395644088825	1
2835	24772.140388833574	1
2836	24766.87723093884	1
2837	24761.606146601498	1
2838	24756.3271119107	1
2839	24751.04010284726	1
2840	24745.745095282964	1
2841	24740.442064979936	1
2842	24735.130987589957	1
2843	24729.811838653794	1
2844	24724.484593600526	1
2845	24719.149227746875	1
2846	24713.805716296498	1
2847	24708.454034339316	1
2848	24703.094156850806	1
2849	24697.7260586913	1
2850	24692.349714605283	1
2851	24686.965099220673	1
2852	24681.572187048107	1
2853	24676.17095248021	1
2854	24670.76136979088	1
2855	24665.343413134535	1
2856	24659.917056545393	1
2857	24654.4822739367	1
2858	24649.039039100007	1
2859	24643.58732570437	1
2860	24638.12710729564	1
2861	24632.658357295648	1
2862	24627.181049001443	1
2863	24621.695155584523	1
2864	24616.200650090024	1
2865	24610.697505435943	1
2866	24605.185694412325	1
2867	24599.66518968047	1
2868	24594.135963772103	1
2869	24588.59798908856	1
2870	24583.051237899974	1
2871	24577.495682344426	1
2872	24571.931294427104	1
2873	24566.358046019468	1
2874	24560.77590885839	1
2875	24555.184854545296	1
2876	24549.5848545453	1
2877	24543.975880186328	1
2878	24538.35790265824	1
2879	24532.730893011947	1
2880	24527.094822158488	1
2881	24521.44966086817	1
2882	24515.79537976963	1
2883	24510.13194934892	1
2884	24504.459339948604	1
2885	24498.777521766795	1
2886	24493.086464856235	1
2887	24487.38613912334	1
2888	24481.67651432726	1
2889	24475.957560078903	1
2890	24470.229245839953	1
2891	24464.49154092193	1
2892	24458.744414485154	1
2893	24452.98783553779	1
2894	24447.22177293483	1
2895	24441.44619537708	1
2896	24435.66107141014	1
2897	24429.866369423395	1
2898	24424.062057648942	1
2899	24418.24810416057	1
2900	24412.424476872722	1
2901	24406.591143539397	1
2902	24400.74807175309	1
2903	24394.895228943733	1
2904	24389.03258237758	1
2905	24383.160099156106	1
2906	24377.277746214935	1
2907	24371.385490322686	1
2908	24365.483298079853	1
2909	24359.571135917693	1
2910	24353.648970097056	1
2911	24347.71676670723	1
2912	24341.774491664793	1
2913	24335.82211071242	1
2914	24329.85958941771	1
2915	24323.88689317198	1
2916	24317.903987189085	1
2917	24311.91083650416	1
2918	24305.907405972437	1
2919	24299.893660267975	1
2920	24293.86956388244	1
2921	24287.835081123827	1
2922	24281.790176115195	1
2923	24275.7348127934	1
2924	24269.66895490779	1
2925	24263.592566018906	1
2926	24257.505609497173	1
2927	24251.40804852157	1
2928	24245.299846078295	1
2929	24239.180964959418	1
2930	24233.051367761527	1
2931	24226.911016884344	1
2932	24220.75987452934	1
2933	24214.59790269836	1
2934	24208.425063192193	1
2935	24202.241317609158	1
2936	24196.046627343676	1
2937	24189.84095358482	1
2938	24183.62425731484	1
2939	24177.396499307728	1
2940	24171.157640127698	1
2941	24164.907640127705	1
2942	24158.64645944793	1
2943	24152.37405801424	1
2944	24146.09039553669	1
2945	24139.79543150792	1
2946	24133.48912520162	1
2947	24127.17143567094	1
2948	24120.8423217469	1
2949	24114.501742036762	1
2950	24108.149654922432	1
2951	24101.786018558803	1
2952	24095.41079087211	1
2953	24089.023929558247	1
2954	24082.625392081107	1
2955	24076.215135670856	1
2956	24069.79311732224	1
2957	24063.359293792837	1
2958	24056.913621601314	1
2959	24050.456057025676	1
2960	24043.98655610147	1
2961	24037.505074619996	1
2962	24031.011568126494	1
2963	24024.505991918322	1
2964	24017.988301043097	1
2965	24011.458450296836	1
2966	24004.916394222077	1
2967	23998.36208710598	1
2968	23991.795482978407	1
2969	23985.21653560999	1
2970	23978.625198510184	1
2971	23972.021424925286	1
2972	23965.405167836445	1
2973	23958.776379957664	1
2974	23952.13501373376	1
2975	23945.481021338328	1
2976	23938.814354671667	1
2977	23932.1349653587	1
2978	23925.44280474685	1
2979	23918.737823903946	1
2980	23912.019973616047	1
2981	23905.289204385284	1
2982	23898.54546642768	1
2983	23891.788709670927	1
2984	23885.01888375217	1
2985	23878.235938015743	1
2986	23871.439821510896	1
2987	23864.6304829895	1
2988	23857.807870903736	1
2989	23850.971933403747	1
2990	23844.122618335263	1
2991	23837.25987323723	1
2992	23830.3836453394	1
2993	23823.493881559876	1
2994	23816.590528502686	1
2995	23809.67353245526	1
2996	23802.742839385963	1
2997	23795.79839494153	1
2998	23788.840144444515	1
2999	23781.868032890736	1
3000	23774.882004946627	1
3001	23767.882004946634	1
3002	23760.86797689053	1
3003	23753.83986444074	1
3004	23746.79761091962	1
3005	23739.741159306723	1
3006	23732.67045223602	1
3007	23725.585431993106	1
3008	23718.48604051238	1
3009	23711.372219374178	1
3010	23704.243909801884	1
3011	23697.101052659036	1
3012	23689.943588446364	1
3013	23682.771457298833	1
3014	23675.58459898262	1
3015	23668.38295289209	1
3016	23661.166458046737	1
3017	23653.935053088066	1
3018	23646.688676276477	1
3019	23639.4272654881	1
3020	23632.1507582116	1
3021	23624.859091544942	1
3022	23617.55220219213	1
3023	23610.230026459925	1
3024	23602.89250025448	1
3025	23595.539559078014	1
3026	23588.17113802539	1
3027	23580.787171780674	1
3028	23573.38759461366	1
3029	23565.972340376382	1
3030	23558.54134249953	1
3031	23551.0945339889	1
3032	23543.631847421748	1
3033	23536.153214943126	1
3034	23528.65856826219	1
3035	23521.147838648467	1
3036	23513.620956928044	1
3037	23506.077853479776	1
3038	23498.518458231403	1
3039	23490.942700655654	1
3040	23483.350509766293	1
3041	23475.741814114128	1
3042	23468.116541782983	1
3043	23460.47462038561	1
3044	23452.815977059574	1
3045	23445.14053846309	1
3046	23437.448230770788	1
3047	23429.738979669473	1
3048	23422.012710353807	1
3049	23414.269347521957	1
3050	23406.508815371188	1
3051	23398.731037593414	1
3052	23390.935937370705	1
3053	23383.123437370716	1
3054	23375.293459742086	1
3055	23367.44592610981	1
3056	23359.580757570493	1
3057	23351.69787468762	1
3058	23343.797197486725	1
3059	23335.87864545053	1
3060	23327.942137514034	1
3061	23319.987592059497	1
3062	23312.01492691144	1
3063	23304.02405933154	1
3064	23296.014906013464	1
3065	23287.987383077692	1
3066	23279.941406066206	1
3067	23271.876889937183	1
3068	23263.79374905959	1
3069	23255.691897207744	1
3070	23247.57124755578	1
3071	23239.43171267207	1
3072	23231.273204513574	1
3073	23223.095634420126	1
3074	23214.89891310866	1
3075	23206.682950667353	1
3076	23198.447656549713	1
3077	23190.19293956859	1
3078	23181.91870789011	1
3079	23173.624869027553	1
3080	23165.31132983516	1
3081	23156.97799650183	1
3082	23148.624774544798	1
3083	23140.25156880318	1
3084	23131.858283431488	1
3085	23123.444821893034	1
3086	23115.01108695328	1
3087	23106.556980673096	1
3088	23098.08240440192	1
3089	23089.58725877086	1
3090	23081.071443685712	1
3091	23072.534858319865	1
3092	23063.977401107157	1
3093	23055.398969734615	1
3094	23046.799461135113	1
3095	23038.178771479954	1
3096	23029.536796171324	1
3097	23020.8734298347	1
3098	23012.188566311135	1
3099	23003.48209864945	1
3100	22994.753919098337	1
3101	22986.00391909834	1
3102	22977.231989273787	1
3103	22968.43801942455	1
3104	22959.62189851776	1
3105	22950.783514679384	1
3106	22941.92275518572	1
3107	22933.03950645476	1
3108	22924.13365403747	1
3109	22915.205082608907	1
3110	22906.253675959302	1
3111	22897.279316984954	1
3112	22888.281887679048	1
3113	22879.26126912236	1
3114	22870.217341473784	1
3115	22861.149983960837	1
3116	22852.05907486994	1
3117	22842.944491536615	1
3118	22833.80611033558	1
3119	22824.64380667067	1
3120	22815.457454964646	1
3121	22806.246928648867	1
3122	22797.012100152835	1
3123	22787.752840893587	1
3124	22778.469021264948	1
3125	22769.160510626658	1
3126	22759.827177293333	1
3127	22750.46888852329	1
3128	22741.08551050721	1
3129	22731.676908356683	1
3130	22722.242946092538	1
3131	22712.78348663309	1
3132	22703.298391782148	1
3133	22693.787522216942	1
3134	22684.250737475806	1
3135	22674.68789594576	1
3136	22665.098854849883	1
3137	22655.483470234507	1
3138	22645.841596956277	1
3139	22636.173088668995	1
3140	22626.47779781028	1
3141	22616.755575588068	1
3142	22607.006271966904	1
3143	22597.229735654066	1
3144	22587.42581408545	1
3145	22577.594353411303	1
3146	22567.735198481736	1
3147	22557.84819283203	1
3148	22547.933178667732	1
3149	22537.989996849563	1
3150	22528.018486878063	1
3151	22518.018486878074	1
3152	22507.989833582957	1
3153	22497.932362318596	1
3154	22487.845906987193	1
3155	22477.730300050785	1
3156	22467.585372514564	1
3157	22457.410953909923	1
3158	22447.20687227728	1
3159	22436.972954148634	1
3160	22426.70902452988	1
3161	22416.414906882826	1
3162	22406.090423107024	1
3163	22395.735393521234	1
3164	22385.349636844687	1
3165	22374.932970178033	1
3166	22364.485208984013	1
3167	22354.006167067855	1
3168	22343.495656557356	1
3169	22332.95348788267	1
3170	22322.37946975579	1
3171	22311.77340914974	1
3172	22301.13511127741	1
3173	22290.46437957011	1
3174	22279.761015655746	1
3175	22269.024819336737	1
3176	22258.255588567517	1
3177	22247.453119431724	1
3178	22236.61720611904	1
3179	22225.74764090166	1
3180	22214.844214110395	1
3181	22203.906714110406	1
3182	22192.93492727656	1
3183	22181.928637968398	1
3184	22170.887628504686	1
3185	22159.811679137612	1
3186	22148.70056802651	1
3187	22137.554071211238	1
3188	22126.37196258505	1
3189	22115.154013867115	1
3190	22103.89999457452	1
3191	22092.609671993883	1
3192	22081.282811152472	1
3193	22069.919174788844	1
3194	22058.51852332306	1
3195	22047.080614826336	1
3196	22035.605204990283	1
3197	22024.09204709556	1
3198	22012.54089198006	1
3199	22000.95148800656	1
3200	21989.32358102983	1
3201	21977.65691436317	1
3202	21965.951228744456	1
3203	21954.20626230152	1
3204	21942.42175051702	1
3205	21930.597426192708	1
3206	21918.733019413055	1
3207	21906.828257508307	1
3208	21894.88286501685	1
3209	21882.896563647	1
3210	21870.869072238074	1
3211	21858.800106720846	1
3212	21846.68938007726	1
3213	21834.536602299493	1
3214	21822.341480348285	1
3215	21810.103718110535	1
3216	21797.82301635616	1
3217	21785.4990726942	1
3218	21773.131581528134	1
3219	21760.720234010416	1
3220	21748.264717996193	1
3221	21735.764717996208	1
3222	21723.219915128833	1
3223	21710.629987071294	1
3224	21697.994608009933	1
3225	21685.31344858966	1
3226	21672.586175862398	1
3227	21659.812453234674	1
3228	21646.991940414173	1
3229	21634.124293355362	1
3230	21621.209164204087	1
3231	21608.246201241134	1
3232	21595.23504882479	1
3233	21582.175347332264	1
3234	21569.06673310007	1
3235	21555.908838363244	1
3236	21542.701291193447	1
3237	21529.443715435882	1
3238	21516.135730645023	1
3239	21502.776952019078	1
3240	21489.366990333267	1
3241	21475.90545187174	1
3242	21462.39193835824	1
3243	21448.826046885388	1
3244	21435.207369842603	1
3245	21421.535494842617	1
3246	21407.81000464655	1
3247	21394.03047708751	1
3248	21380.19648499266	1
3249	21366.307596103783	1
3250	21352.363372996228	1
3251	21338.363372996242	1
3252	21324.307148096657	1
3253	21310.194244870865	1
3254	21296.02420438505	1
3255	21281.79656210864	1
3256	21267.51084782294	1
3257	21253.166585527873	1
3258	21238.76329334682	1
3259	21224.300483429477	1
3260	21209.777661852724	1
3261	21195.194328519407	1
3262	21180.549977054983	1
3263	21165.844094702057	1
3264	21151.07616221262	1
3265	21136.245653738057	1
3266	21121.352036716795	1
3267	21106.394771759547	1
3268	21091.373312532094	1
3269	21076.287105635558	1
3270	21061.13559048406	1
3271	21045.918199179727	1
3272	21030.63435638498	1
3273	21015.283479192014	1
3274	20999.864976989385	1
3275	20984.378251325685	1
3276	20968.822695770144	1
3277	20953.19769577016	1
3278	20937.5026285056	1
3279	20921.736862739846	1
3280	20905.899758667463	1
3281	20889.99066775839	1
3282	20874.00893259859	1
3283	20857.953886727046	1
3284	20841.824854469	1
3285	20825.621150765313	1
3286	20809.34208099789	1
3287	20792.986940810984	1
3288	20776.55501592837	1
3289	20760.04558196612	1
3290	20743.457904241015	1
3291	20726.791237574365	1
3292	20710.04482609113	1
3293	20693.21790301422	1
3294	20676.30969045385	1
3295	20659.319399191732	1
3296	20642.24622846004	1
3297	20625.089365714957	1
3298	20607.84798640463	1
3299	20590.521253731382	1
3300	20573.108318408016	1
3301	20555.608318408034	1
3302	20538.02037870956	1
3303	20520.34361103281	1
3304	20502.5771135709	1
3305	20484.719970713773	1
3306	20466.77125276507	1
3307	20448.730015651687	1
3308	20430.5953006258	1
3309	20412.366133959145	1
3310	20394.041526629324	1
3311	20375.620473997762	1
3312	20357.101955479262	1
3313	20338.484934202686	1
3314	20319.768356662596	1
3315	20300.95115236154	1
3316	20282.03223344264	1
3317	20263.010494312224	1
3318	20243.884811252134	1
3319	20224.654042021382	1
3320	20205.317025446817	1
3321	20185.87258100239	1
3322	20166.31950837671	1
3323	20146.656587028418	1
3324	20126.882575729003	1
3325	20106.99621209266	1
3326	20086.99621209268	1
3327	20066.88126956396	1
3328	20046.65005569115	1
3329	20026.301218481865	1
3330	20005.833382224573	1
3331	19985.245146930476	1
3332	19964.5350877589	1
3333	19943.701754425587	1
3334	19922.743670593274	1
3335	19901.659333243897	1
3336	19880.4472120318	1
3337	19859.105748617185	1
3338	19837.633355979167	1
3339	19816.028417707585	1
3340	19794.289287272823	1
3341	19772.414287272844	1
3342	19750.401708656515	1
3343	19728.24980992236	1
3344	19705.95681629181	1
3345	19683.520918855935	1
3346	19660.940273694665	1
3347	19638.213000967415	1
3348	19615.337183973974	1
3349	19592.310868184526	1
3350	19569.13206023753	1
3351	19545.79872690422	1
3352	19522.308794018336	1
3353	19498.66014536971	1
3354	19474.85062156021	1
3355	19450.87801882051	1
3356	19426.740087786053	1
3357	19402.434532230523	1
3358	19377.959007755024	1
3359	19353.311120431106	1
3360	19328.48842539567	1
3361	19303.488425395695	1
3362	19278.308569280613	1
3363	19252.946250440054	1
3364	19227.398805184603	1
3365	19201.66351106698	1
3366	19175.73758514108	1
3367	19149.61818215603	1
3368	19123.302392682373	1
3369	19096.787241167247	1
3370	19070.069683915364	1
3371	19043.14660699231	1
3372	19016.014824046604	1
3373	18988.671074046633	1
3374	18961.11201892855	1
3375	18933.334241150802	1
3376	18905.33424115083	1
3377	18877.108434699247	1
3378	18848.65315014643	1
3379	18819.964625556295	1
3380	18791.039005721614	1
3381	18761.872339054975	1
3382	18732.460574349123	1
3383	18702.799557399998	1
3384	18672.8850274855	1
3385	18642.712613692427	1
3386	18612.27783108376	1
3387	18581.576076697827	1
3388	18550.602625370426	1
3389	18519.35262537046	1
3390	18487.82109383896	1
3391	18456.00291202081	1
3392	18423.892820277724	1
3393	18391.485412870352	1
3394	18358.77513249655	1
3395	18325.756264572057	1
3396	18292.422931238754	1
3397	18258.769085084943	1
3398	18224.788502560707	1
3399	18190.474777070543	1
3400	18155.821311724045	1
3401	18120.821311724078	1
3402	18085.46777637058	1
3403	18049.753490656327	1
3404	18013.671016429562	1
3405	17977.212683096266	1
3406	17940.370577833146	1
3407	17903.13653527999	1
3408	17865.502126677882	1
3409	17827.45864841705	1
3410	17788.99710995555	1
3411	17750.1082210667	1
3412	17710.78237837011	1
3413	17671.00965109742	1
3414	17630.779766039992	1
3415	17590.08209162143	1
3416	17548.905621033235	1
3417	17507.23895436661	1
3418	17465.070279667856	1
3419	17422.38735283863	1
3420	17379.177476295463	1
3421	17335.427476295506	1
3422	17291.123678827196	1
3423	17246.251883955447	1
3424	17200.797338500946	1
3425	17154.744706922043	1
3426	17108.078040255423	1
3427	17060.780742958174	1
3428	17012.83553747877	1
3429	16964.22442636771	1
3430	16914.92865171987	1
3431	16864.928651719918	1
3432	16814.20401403881	1
3433	16762.733425803566	1
3434	16710.49461983347	1
3435	16657.46431680322	1
3436	16603.61816295712	1
3437	16548.930662957173	1
3438	16493.375107401673	1
3439	16436.923494498504	1
3440	16379.546445318232	1
3441	16321.213111984956	1
3442	16261.891078086712	1
3443	16201.546250500567	1
3444	16140.1427417287	1
3445	16077.642741728761	1
3446	16014.006378092463	1
3447	15949.191563277715	1
3448	15883.153827428725	1
3449	15815.846135121099	1
3450	15747.218684140777	1
3451	15677.218684140847	1
3452	15605.790112712346	1
3453	15532.873446045749	1
3454	15458.405360939441	1
3455	15382.318404417778	1
3456	15304.540626640079	1
3457	15224.995172094701	1
3458	15143.599823257573	1
3459	15060.266489924323	1
3460	14974.900636265871	1
3461	14887.400636265957	1
3462	14797.657046522456	1
3463	14705.551783364652	1
3464	14610.957188770151	1
3465	14513.734966548025	1
3466	14413.734966548125	1
3467	14310.793790077641	1
3468	14204.73318401714	1
3469	14095.358184017246	1
3470	13982.454958210908	1
3471	13865.788291544357	1
3472	13745.098636372062	1
3473	13620.098636372188	1
3474	13490.469006742689	1
3475	13355.853622127437	1
3476	13215.853622127577	1
3477	13070.02028879439	1
3478	12917.846375751065	1
3479	12758.755466660316	1
3480	12592.088799993817	1
3481	12417.088799993991	1
3482	12232.878273678387	1
3483	12038.433829234136	1
3484	11832.551476293163	1
3485	11613.801476293382	1
3486	11380.46814296028	1
3487	11130.46814296053	1
3488	10861.237373730028	1
3489	10569.570707063653	1
3490	10251.388888882151	1
3491	9901.3888888825	1
3492	9512.499999994	1
3493	9074.999999994436	1
3494	8574.999999994934	1
3495	7991.666666662182	1
3496	7291.666666662881	1
3497	6416.666666663755	1
3498	5249.999999998253	1
3499	3500.0	1
3500	0.0	0
