,RLS-opt,T[RLS-opt],p-opt,T[p-opt],RLS-drift,t[RLS-drift],p-drift,T[p-drift],p-opt{>0},T[p-opt{>0}],p-drift{>0},T[p-drift{>0}]
500,0,0.0,0.0,0.0,0,0.0,0.0,0.0,0.0,0.0,0.0,0.0
499,1,500.0,0.002,1357.781546565009,1,500.0,0.001999491716240343,858.6544872664169,0.002889239061336793,1121.307873541095,5.9608609865491405e-06,500.74435820955506
498,1,749.9999999999509,0.0020100583111037082,2033.9496006880895,1,749.9999999999509,0.0020075426576684555,1287.2628071272234,0.0029026333644035945,1680.6589729615016,5.9608609865491405e-06,751.1142964418772
497,1,916.6666666665848,0.0020181867021911576,2483.3671668974844,1,916.6666666665848,0.0020156726519974504,1572.808429637703,0.0029138670084268323,2052.9688639361457,5.9608609865491405e-06,918.0265921770298
496,1,1041.6666666665603,0.002026385334964809,2819.4087911450833,1,1041.6666666665603,0.0020238816334331466,1786.8220269128137,0.002925185126178089,2331.7553882380316,5.9608609865491405e-06,1043.2100666717697
495,1,1141.6666666665406,0.002034656597887039,3087.424468404622,1,1141.6666666665406,0.0020321696777125513,1957.9159198932384,0.0029365941925183128,2554.4258956119684,5.9608609865491405e-06,1143.3562484293932
494,1,1224.9999999998577,0.0020430015164323756,3310.089192657511,1,1224.9999999998577,0.0020394344235003365,2100.3517549492185,0.0029480953440771886,2739.68404773419,5.9608609865491405e-06,1226.8109017015477
493,1,1296.428571428415,0.0020514211360832574,3500.3601002683504,1,1296.428571428415,0.002050926706778354,2222.4604099064013,0.002959689720202483,2898.2176397549465,5.9608609865491405e-06,1298.3430346320322
492,1,1358.9285714284024,0.002059916522895738,3666.335398752183,1,1358.9285714284024,0.002059022473685552,2329.2172832560277,0.0029713784793419283,3036.70653346683,5.9608609865491405e-06,1360.9332773107203
491,1,1414.484126983947,0.0020684887640162897,3813.4138906702824,1,1414.484126983947,0.0020669726217431585,2424.028373610241,0.0029831627995194126,3159.6039609347367,5.9608609865491405e-06,1416.5687164641956
490,1,1464.4841269839371,0.002077138972229423,3945.3747355773303,1,1464.4841269839371,0.002074219788561104,2509.2642472129355,0.0029950438787594144,3270.027176310255,5.9608609865491405e-06,1466.640312801065
489,1,1509.9386724384735,0.0020858682676273884,4064.966411082932,1,1509.9386724384735,0.002081685400073717,2586.6690498389244,0.0030070229355223027,3370.243265911646,5.9608609865491405e-06,1512.1596741094072
488,1,1551.6053391051323,0.002094677812456466,4174.250273470209,1,1551.6053391051323,0.0020893640168579823,2657.550523473875,0.0030191012091510985,3461.952537436622,5.9608609865491405e-06,1553.885506230281
487,1,1590.0668775666632,0.0021035687830122107,4274.811979614388,1,1590.0668775666632,0.0021011015202010873,2722.9829931846707,0.003031279960330788,3546.462913323636,5.9608609865491405e-06,1592.4014290414239
486,1,1625.7811632809419,0.0021125423780803724,4367.897401072791,1,1625.7811632809419,0.0021100335003268536,2783.6956069721336,0.003043560471560105,3624.802040769338,5.9608609865491405e-06,1628.1660010182006
485,1,1659.1144966142685,0.002121599819092458,4454.50323347766,1,1659.1144966142685,0.002119043082831978,2840.317908028625,0.003055944047635739,3697.7920317398484,5.9608609865491405e-06,1661.546068940904
484,1,1690.3644966142624,0.002130742376206926,4535.439290493224,1,1690.3644966142624,0.002128132883983935,2893.3608429968604,0.0030684320161506223,3766.100846728085,5.9608609865491405e-06,1692.83969581852
483,1,1719.776261320139,0.002139971303955596,4611.372476020231,1,1719.776261320139,0.0021373054459766327,2943.2452088104637,0.003081025728005442,3830.2785656409483,5.9608609865491405e-06,1722.2923453055096
482,1,1747.5540390979113,0.0021492879131874893,4682.858541898753,1,1747.5540390979113,0.002146563244246298,2990.3216818555106,0.00309372655793483,3890.7835834397156,5.9608609865491405e-06,1750.1085704472562
481,1,1773.8698285715907,0.002158693534228676,4750.365488320346,1,1773.8698285715907,0.002155908694331868,3034.8855787053276,0.0031065359050481034,3948.001912190518,5.9608609865491405e-06,1776.460626439872
480,1,1798.869828571586,0.00216818952537431,4814.291114136735,1,1798.869828571586,0.0021653441583194427,3077.1879267715053,0.0031194551933851422,4002.2616576019254,5.9608609865491405e-06,1801.4949302000523
479,1,1822.6793523811052,0.002177777273638299,4874.976388523148,1,1822.6793523811052,0.0021749425725724534,3117.4446371442014,0.003132485872488399,4053.8440487675457,5.9608609865491405e-06,1825.3369819421073
478,1,1845.4066251083734,0.0021874581955263696,4932.715783626849,1,1845.4066251083734,0.0021845900048761318,3155.841001561354,0.003145629417990933,4102.991961148691,5.9608609865491405e-06,1848.0951682147595
477,1,1867.1457555431516,0.0021972337378333845,4987.7653609873305,1,1867.1457555431516,0.0021943317412698596,3192.5385870772247,0.003158887332221218,4149.916586734455,5.9608609865491405e-06,1869.863738190811
476,1,1887.9790888764808,0.0022071053784661096,5040.349173285216,1,1887.9790888764808,0.0022040318517489955,3227.6775226521986,0.0031722611448259737,4194.8027145848555,5.9608609865491405e-06,1890.7251598964638
475,1,1907.979088876477,0.0022170746272910965,5090.664385741007,1,1907.979088876477,0.0022139513476843948,3261.383391482013,0.0031857524134102605,4237.812955265119,5.9608609865491405e-06,1910.7520051947758
474,1,1927.2098581072426,0.0022271430270092564,5138.885412629054,1,1927.2098581072426,0.0022239322923791388,3293.7659056580756,0.0031993627241967046,4279.091152888529,5.9608609865491405e-06,1930.008472272297
473,1,1945.7283766257574,0.0022373121540575926,5185.167287770067,1,1945.7283766257574,0.002233787792848718,3324.9211572870336,0.003213093692704422,4318.76516529926,5.9608609865491405e-06,1948.5516261837404
472,1,1963.5855194828966,0.0022475836195379466,5229.648433149543,1,1963.5855194828966,0.0022437683974348096,3354.9368781496732,0.003226946964447085,4356.949147793812,5.9608609865491405e-06,1966.432417870813
471,1,1980.826898793238,0.002257959070174947,5272.452950187852,1,1980.826898793238,0.0022544005894228514,3383.895417100428,0.003240924215652562,4393.745443097146,5.9608609865491405e-06,1983.6965274881486
470,1,1997.4935654599012,0.0022684402017769173,5313.692529131588,1,1997.4935654599012,0.002264525902274745,3411.862723847981,0.0032550271540038034,4429.246156342609,5.9608609865491405e-06,2000.3850671749178
469,1,2013.6225977179627,0.002279028716576108,5353.4680504781845,1,2013.6225977179627,0.0022744513176705928,3438.900721497724,0.0032692575194012328,4463.534476022677,5.9608609865491405e-06,2016.5351704761767
468,1,2029.2475977179595,0.0022897263830507306,5391.870936177598,1,2029.2475977179595,0.002288257338602987,3465.091356802792,0.003283617088486686,4496.6857885722675,5.9608609865491405e-06,2032.1804896671347
467,1,2044.399112869472,0.002300535001475321,5428.984296106089,1,2044.399112869472,0.0022988520338801713,3490.4644130022325,0.0032981076615319046,4528.768623960593,5.9608609865491405e-06,2047.3516177252536
466,1,2059.1049952224103,0.0023114564132332848,5464.8839059405245,1,2059.1049952224103,0.0023095688022705366,3515.0686165713123,0.003312731082783445,4559.845462385633,5.9608609865491405e-06,2062.0764482476307
465,1,2073.3907095081217,0.0023224925020131097,5499.639045336032,1,2073.3907095081217,0.0023204078724549824,3538.9477907865626,0.003327489229228682,4589.973425625249,5.9608609865491405e-06,2076.380483951612
464,1,2087.279598397008,0.002333645195047304,5533.313219689684,1,2087.279598397008,0.0023314278019955204,3562.1424216458645,0.0033423840142056027,4619.204872392356,5.9608609865491405e-06,2090.287102328098
463,1,2100.793111910519,0.002344916464395189,5565.96478436821,1,2100.793111910519,0.002340083084806459,3584.676249984305,0.0033574173883738913,4647.587913235887,5.9608609865491405e-06,2103.8177853957554
462,1,2113.951006647359,0.0023563083282704665,5597.6474868001105,1,2113.951006647359,0.002352227876125435,3606.601831634608,0.003372591340660904,4675.166857691519,5.9608609865491405e-06,2116.992319224407
461,1,2126.7715194678694,0.0023678228524177795,5628.4109390684225,1,2126.7715194678694,0.002364528983762244,3627.9495806446257,0.0033879078992399897,4701.982604105244,5.9608609865491405e-06,2129.8289678785045
460,1,2139.271519467867,0.0023794621515378696,5658.3010314290195,1,2139.271519467867,0.00237698669848536,3648.7483228646533,0.003403369132535418,4728.072980728913,5.9608609865491405e-06,2142.344625617669
459,1,2151.466641419084,0.0023912283907640214,5687.360295399464,1,2151.466641419084,0.002386268052454476,3669.0093743595407,0.003418977150262199,4753.473045218626,5.9608609865491405e-06,2154.554950536179
458,1,2163.371403323844,0.002403123787193337,5715.628223622684,1,2163.371403323844,0.00239904028945811,3688.77410184596,0.0034347341044991403,4778.215348478453,5.9608609865491405e-06,2166.4744822930093
457,1,2174.9993103005854,0.0024151506114733095,5743.141552536762,1,2174.9993103005854,0.0024112411527497084,3708.061613488411,0.0034506421907966626,4802.330167824579,5.9608609865491405e-06,2178.1167461523237
456,1,2186.3629466642196,0.002427311189447072,5769.934512922825,1,2186.3629466642196,0.0024235904716261763,3726.8936593588846,0.0034667036493215377,4825.845713653399,5.9608609865491405e-06,2189.4943452011826
455,1,2197.4740577753287,0.0024396079038591467,5796.039052613901,1,2197.4740577753287,0.002435704237815086,3745.2888041864767,0.0034829207660386336,4848.788313146434,5.9608609865491405e-06,2200.6190423208423
454,1,2208.343622992718,0.0024520431961253136,5821.485034995911,1,2208.343622992718,0.002447954202681816,3763.265979654851,0.003499295873932995,4871.182574007224,5.9608609865491405e-06,2211.5018332481286
453,1,2218.981920865056,0.0024646195681686254,5846.300416391144,1,2218.981920865056,0.0024606641365156564,3780.844060771168,0.0035158313542726144,4893.0515307793285,5.9608609865491405e-06,2222.1530118643273
452,1,2229.3985875317208,0.0024773395843236245,5870.511404963929,1,2229.3985875317208,0.002473258107440091,3798.0384920583297,0.003532529637913668,4914.416775922815,5.9608609865491405e-06,2232.5822286831417
451,1,2239.6026691643715,0.0024902058733137855,5894.142603411039,1,2239.6026691643715,0.0024860128013220227,3814.8649054233206,0.0035493932066504846,4935.298577515502,5.9608609865491405e-06,2242.7985433704994
450,1,2249.6026691643697,0.002503221130303355,5917.2171373826695,1,2249.6026691643697,0.00249891817192563,3831.3378890784306,0.003566424594611426,4955.7159851840415,5.9608609865491405e-06,2252.8104720123706
449,1,2259.4065907329955,0.0025163881190280227,5939.756771312741,1,2259.4065907329955,0.002511976199403796,3847.4711717113755,0.0035836263897043403,4975.686925649527,5.9608609865491405e-06,2262.6260297484932
448,1,2269.0219753483784,0.0025297096740071576,5961.782013111267,1,2269.0219753483784,0.0025251890195609355,3863.277685571722,0.003601001235109361,4995.228289085989,5.9608609865491405e-06,2272.2527693066954
447,1,2278.4559376125276,0.002543188702841086,5983.3122089796925,1,2278.4559376125276,0.0025385589221904826,3878.7696269064377,0.0036185518308273976,5014.3560073317985,5.9608609865491405e-06,2281.6978159019113
446,1,2287.715196871785,0.002556828188599011,6004.365629446623,1,2287.715196871785,0.002552088349747072,3893.9585107359107,0.003636280935281755,5033.085124859249,5.9608609865491405e-06,2290.9678989038007
445,1,2296.806105962692,0.0025706311922974396,6024.959547581726,1,2296.806105962692,0.002565779896169351,3908.8552206261943,0.0036541913669759646,5051.429863292302,5.9608609865491405e-06,2300.0693806254953
444,1,2305.734677391262,0.00258460085547768,6045.110310225819,1,2305.734677391262,0.0025796363061567043,3923.470053995586,0.003672286006212277,5069.4036801637985,5.9608609865491405e-06,2309.0082825419245
443,1,2314.5066072158215,0.002598740413951365,6064.833402972314,1,2314.5066072158215,0.002593660474559024,3937.8127634261928,0.003690567796871945,5087.019322518498,5.9608609865491405e-06,2317.7903092082834
442,1,2323.1272968709923,0.0026130531601630904,6084.143509546342,1,2323.1272968709923,0.002607855446041539,3951.8925943947406,0.00370903974825946,5104.288875895123,5.9608609865491405e-06,2326.4208701165685
441,1,2331.601873142177,0.0026275425021688595,6103.054566151378,1,2331.601873142177,0.002622224415049617,3965.7183197877866,0.003727704937015506,5121.223809157396,5.9608609865491405e-06,2334.9050996998603
440,1,2339.9352064755085,0.00264221193182496,6121.579811286502,1,2339.9352064755085,0.002636770725912676,3979.298271523406,0.0037465665090998202,5137.835015589099,5.9608609865491405e-06,2343.2478756695855
439,1,2348.131927786982,0.0026570650361007137,6139.731831479863,1,2348.131927786982,0.0026514978731916727,3992.640369564689,0.0037656276818483665,5154.1328506207,5.9608609865491405e-06,2351.4538358497243
438,1,2356.1964439160124,0.0026721055003533843,6157.522603333496,1,2356.1964439160124,0.0026664095021777,4005.752148577969,0.0037848917461065865,5170.127166513484,5.9608609865491405e-06,2359.5273936534186
437,1,2364.132951852519,0.0026873371117408645,6174.963532230811,1,2364.132951852519,0.0026815094097107626,4018.6407824608973,0.0038043620684448426,5185.827344290972,5.9608609865491405e-06,2367.4727523312795
436,1,2371.945451852517,0.0027027637627740114,6192.0654880196025,1,2371.945451852517,0.002696801544985861,4031.313106940098,0.003824042093456824,5201.242323175702,5.9608609865491405e-06,2375.2939181065453
435,1,2379.6377595448234,0.002718389455018833,6208.838837949707,1,2379.6377595448234,0.00271229001069586,4043.7756404174092,0.0038439353461469997,5216.380627761627,5.9608609865491405e-06,2382.9947122998447
434,1,2387.213517120579,0.002734218302953581,6225.293477114966,1,2387.213517120579,0.0027301070128571085,4056.039469797672,0.0038640454344106194,5231.250393128022,5.9608609865491405e-06,2390.5787825354128
433,1,2394.6762036877417,0.0027502545379892588,6241.438856622872,1,2394.6762036877417,0.0027459757475110976,4068.105076500278,0.0038843760516088927,5245.859388079191,5.9608609865491405e-06,2398.0496131110276
432,1,2402.029144864211,0.002766502512660065,6257.2840096924665,1,2402.029144864211,0.0027620583789905308,4079.978585147847,0.003904930979247262,5260.215036675424,5.9608609865491405e-06,2405.4105346054457
431,1,2409.275521675804,0.0027829667049959245,6272.837575860554,1,2409.275521675804,0.0027783597115246645,4091.6654265855254,0.003925714089759121,5274.3244382037155,5.9608609865491405e-06,2412.6647327896544
430,1,2416.41837881866,0.0027996517230799885,6288.107823458408,1,2416.41837881866,0.00279283180098717,4103.16656131971,0.003946729349399806,5288.194385722029,5.9608609865491405e-06,2419.815256901597
429,1,2423.4606323397857,0.002816562309805577,6303.102670505114,1,2423.4606323397857,0.002809593174474086,4114.491729960857,0.0039679808212586005,5301.8313832976655,5.9608609865491405e-06,2426.8650273381754
428,1,2430.4050767842286,0.002833703347840116,6317.829704149422,1,2430.4050767842286,0.0028265840165807585,4125.645290075066,0.003989472668390834,5315.241662048504,5.9608609865491405e-06,2433.8168428130907
427,1,2437.2543918527203,0.0028510798648076125,6332.296198779469,1,2437.2543918527203,0.002843877757957819,4136.631949211442,0.0040112091570815404,5328.431195085566,5.9608609865491405e-06,2440.6733870244093
426,1,2444.011148609476,0.002868697038696721,6346.509132908325,1,2444.011148609476,0.002861477535880349,4147.45619028449,0.004033194660238441,5341.405711445977,5.9608609865491405e-06,2447.4372348716292
425,1,2450.6778152761417,0.00288656020351421,6360.475204933244,1,2450.6778152761417,0.002879324085469544,4158.12219269895,0.004055433660931777,5354.17070909708,5.9608609865491405e-06,2454.110858258267
424,1,2457.2567626445616,0.002904674855184671,6374.200847857606,1,2457.2567626445616,0.002897422794451591,4168.633979766707,0.004077930760818689,5366.731467095282,5.9608609865491405e-06,2460.696631512702
423,1,2463.750269138067,0.0029230466577204652,6387.6922430562945,1,2463.750269138067,0.002915779131070943,4178.99541476771,0.0041006906666348816,5379.093056916785,5.9608609865491405e-06,2467.1968364570134
422,1,2470.1605255483223,0.0029416814496683085,6400.955333158088,1,2470.1605255483223,0.0029343986467362778,4189.210209304195,0.004123718218066295,5391.260353117874,5.9608609865491405e-06,2473.6136671508907
421,1,2476.4896394723714,0.002960585250848609,6413.995834112122,1,2476.4896394723714,0.002953286978752846,4199.281930795903,0.004147018377514772,5403.238043283062,5.9608609865491405e-06,2479.949234335302
420,1,2482.73963947237,0.0029797642694043003,6426.819246499589,1,2482.73963947237,0.0029724498529079837,4209.21400950478,0.004170596237523549,5415.030637362325,5.9608609865491405e-06,2486.2055695984304
419,1,2488.912478978542,0.0029992249091733043,6439.430866146566,1,2488.912478978542,0.002991893086054798,4219.00974512694,0.004194457025427789,5426.642476431132,5.9608609865491405e-06,2492.3846292844496
418,1,2495.01003995415,0.003018973777402228,6451.835794089051,1,2495.01003995415,0.0030116225888861085,4228.672312983511,0.004218606108121594,5438.077740916414,5.9608609865491405e-06,2498.4882981639676
417,1,2501.0341363396915,0.0030390176928178168,6464.038945937117,1,2501.0341363396915,0.003031644368449057,4238.204769838877,0.004243048997028995,5449.340458327021,5.9608609865491405e-06,2504.518392883354
416,1,2506.9865172920713,0.0030593636940817494,6476.045060680951,1,2506.9865172920713,0.0030519645307781305,4247.610059373137,0.004267791353290824,5460.4345105240645,5.9608609865491405e-06,2510.4766652087487
415,1,2512.8688702332465,0.0030800190486330002,6487.8587089782495,1,2512.8688702332465,0.0030726346952773334,4256.891082376492,0.004292838993193324,5471.363640563605,5.9608609865491405e-06,2516.3648050792535
414,1,2518.6828237216173,0.0031009912619604204,6499.4843009591095,1,2518.6828237216173,0.003094538280227042,4266.051850190065,0.004318197893841484,5482.1314591415785,5.9608609865491405e-06,2522.1844434826053
413,1,2524.429950158398,0.00312228808730848,6510.926093581617,1,2524.429950158398,0.0031134298724886443,4275.09023365759,0.00434387419909658,5492.741450668299,5.9608609865491405e-06,2527.9371551655854
412,1,2530.111768340215,0.0031439175461485417,6522.188197568834,1,2530.111768340215,0.0031364702173380245,4284.014590961506,0.004369874225786502,5503.196978997892,5.9608609865491405e-06,2533.6244611904244
411,1,2535.729745868304,0.0031658879012878066,6533.2745839553045,1,2535.729745868304,0.0031591124196368495,4292.825662358291,0.004396204470216881,5513.501292835821,5.9608609865491405e-06,2539.2478313475945
410,1,2541.285301423858,0.0031882077201355473,6544.189090269127,1,2541.285301423858,0.0031794138255973026,4301.5225199465285,0.004422871614979119,5523.657530846065,5.9608609865491405e-06,2544.808686434549
409,1,2546.7798069183623,0.0032108858540965406,6554.9354263735795,1,2546.7798069183623,0.003201864817486467,4310.110236771592,0.004449882536097554,5533.668726477655,5.9608609865491405e-06,2550.3084004092666
408,1,2552.2145895270573,0.0032339314584690438,6565.517179990496,1,2552.2145895270573,0.003224768670200091,4318.590827197247,0.0044772443105104845,5543.537812528927,5.9608609865491405e-06,2555.7483024267485
407,1,2557.590933613078,0.0032573540053711654,6575.937821925861,1,2557.590933613078,0.0032481235719786245,4326.966521976471,0.0045049642239237565,5553.267625466388,5.9608609865491405e-06,2561.1296787660276
406,1,2562.910082549247,0.0032811632973072605,6586.200711016661,1,2562.910082549247,0.003271929098051472,4335.239453490329,0.00453304977904938,5562.860909513837,5.9608609865491405e-06,2566.453774654679
405,1,2568.1732404439826,0.0033053694814157114,6596.309098816506,1,2568.1732404439826,0.0032961861378111097,4343.411671239261,0.004561508704251732,5572.320320526278,5.9608609865491405e-06,2571.7217959973004
404,1,2573.3815737773148,0.0033299830644294773,6606.266134036367,1,2573.3815737773148,0.00332089683153522,4351.485146810847,0.0045903489626283565,5581.648429662045,5.9608609865491405e-06,2576.934911013972
403,1,2578.536212952571,0.003355014928396054,6616.074866755543,1,2578.536212952571,0.0033461206064975316,4359.461838013487,0.004619578761554123,5590.8477268656,5.9608609865491405e-06,2582.094251794256
402,1,2583.638253768897,0.003380476347192032,6625.738252416883,1,2583.638253768897,0.0033701153493301355,4367.341806063452,0.004649206562705951,5599.920624172635,5.9608609865491405e-06,2587.2009157719112
401,1,2588.688758819401,0.003406379003887571,6635.259155619281,1,2588.688758819401,0.0033976317799048776,4375.130251673118,0.004679241092612549,5608.869458848175,5.9608609865491405e-06,2592.255967125129
400,1,2593.6887588194,0.003432735008993215,6644.640353719668,1,2593.6887588194,0.0034226779020163135,4382.825415783092,0.004709691353750819,5617.696496367731,5.9608609865491405e-06,2597.2604381067536
399,1,2598.639253868904,0.0034595569196572947,6653.884540255682,1,2598.639253868904,0.0034493481703233887,4390.430582413232,0.004740566636223791,5626.4039332508155,5.9608609865491405e-06,2602.215330308654
398,1,2603.5412146532167,0.003486857759854578,6662.994328199599,1,2603.5412146532167,0.0034764591671076787,4397.9471141369295,0.00477187653006284,5634.9938997554445,5.9608609865491405e-06,2607.1216158641155
397,1,2608.3955835852544,0.0035146510416275956,6671.972253053307,1,2608.3955835852544,0.0035031159140434002,4405.375703640789,0.004803630938184526,5643.468462441778,5.9608609865491405e-06,2611.9802385918597
396,1,2613.2032758929454,0.003542950787440679,6680.820775793448,1,2613.2032758929454,0.003531164638175431,4412.718817649674,0.004835840090060015,5651.829626612389,5.9608609865491405e-06,2616.7921150850702
395,1,2617.965180654849,0.0035717715537101485,6689.542285675276,1,2617.965180654849,0.00355973006767709,4419.977766853438,0.004868514556113687,5660.079338636178,5.9608609865491405e-06,2621.558135748555
394,1,2622.682161786923,0.0036011284555808,6698.139102903192,1,2622.682161786923,0.0035897040591887177,4427.154700726748,0.004901665262939985,5668.219488162551,5.9608609865491405e-06,2626.2791657869825
393,1,2627.3550589831843,0.0036310371930152914,6706.613481175373,1,2627.3550589831843,0.003619319445348872,4434.25007090009,0.004935303509346002,5676.2519102319475,5.9608609865491405e-06,2630.9560461469487
392,1,2631.984688612813,0.0036615140782727375,6714.967610109494,1,2631.984688612813,0.0036489258696470743,4441.264872553627,0.004969440983317504,5684.178387288461,5.9608609865491405e-06,2635.589594415422
391,1,2636.571844576115,0.003692576064863628,6723.203617556039,1,2636.571844576115,0.0036802299044761057,4448.20135184817,0.0050040897799343885,5692.000651099949,5.9608609865491405e-06,2640.180605676976
390,1,2641.1172991215685,0.003724240778062223,6731.323571805267,1,2641.1172991215685,0.003711409459872076,4455.060018093678,0.005039262420327107,5699.7203845906115,5.9608609865491405e-06,2644.72985333206
389,1,2645.621803626072,0.0037565265470559505,6739.3294836936075,1,2645.621803626072,0.003742627194839797,4461.841758459288,0.005074971871727675,5707.33922359076,5.9608609865491405e-06,2649.2380898784086
388,1,2650.086089340357,0.003789452438846636,6747.223308614776,1,2650.086089340357,0.0037778700943755916,4468.550272753171,0.005111231574442007,5714.858758512783,5.9608609865491405e-06,2653.706047657567
387,1,2654.510868101418,0.0038230382939885353,6755.006948440679,1,2654.510868101418,0.0038104400914107887,4475.183808450182,0.005148055443840299,5722.280535935136,5.9608609865491405e-06,2658.134439568386
386,1,2658.8968330136977,0.003857304764272023,6762.682253356784,1,2658.8968330136977,0.0038437570290326076,4481.743996730744,0.005185457921845183,5729.606060142428,5.9608609865491405e-06,2662.523959749217
385,1,2663.2446591006533,0.0038922733524743873,6770.251023616428,1,2663.2446591006533,0.0038777428801436563,4488.23186890292,0.005223453985804696,5736.836794579832,5.9608609865491405e-06,2666.8752842304566
384,1,2667.5550039282384,0.003927966461726619,6777.715011218166,1,2667.5550039282384,0.003912436698897234,4494.648469746845,0.0052620591787773665,5743.974163250379,5.9608609865491405e-06,2671.1890715589575
383,1,2671.828508201742,0.003964407413165809,6785.075921510121,1,2671.828508201742,0.003947853391721474,4500.994804810906,0.00530128963810174,5751.019552051327,5.9608609865491405e-06,2675.465963395754
382,1,2676.065796337334,0.004001620528975624,6792.335414724968,1,2676.065796337334,0.003985257404220477,4507.2726006034845,0.005341162125687629,5757.974310053479,5.9608609865491405e-06,2679.706585088464
381,1,2680.2674770096023,0.004039631159328629,6799.49510744906,1,2680.2674770096023,0.004022634215518429,4513.48214035606,0.0053816940602090975,5764.839750726122,5.9608609865491405e-06,2683.9115462196405
380,1,2684.434143676268,0.004078465739570996,6806.556574028924,1,2684.434143676268,0.004060835459627071,4519.6244487715185,0.005422903551338621,5771.617153110387,5.9608609865491405e-06,2688.0814411322726
379,1,2688.5663750812255,0.00411815184511705,6813.521347918212,1,2688.5663750812255,0.004099877019228443,4525.700400950019,0.005464809436192828,5778.30776294344,5.9608609865491405e-06,2692.216849433572
378,1,2692.664735736962,0.004158718249371047,6820.390922968,1,2692.664735736962,0.004139778480668224,4531.710845829803,0.005507431318164399,5784.91279373589,5.9608609865491405e-06,2696.3183364781157
377,1,2696.729776387368,0.004200194984896577,6827.166754663175,1,2696.729776387368,0.004180562976875205,4537.656603406674,0.005550789608294515,5791.43342780463,5.9608609865491405e-06,2700.3864538313424
376,1,2700.762034451883,0.004242613407986186,6833.850261307488,1,2700.762034451883,0.004225590445116179,4543.540146422447,0.0055949055694220545,5797.870817263208,5.9608609865491405e-06,2704.421739714368
375,1,2704.7620344518823,0.004286006266814604,6840.442825159709,1,2704.7620344518823,0.004268223921364908,4549.360143678789,0.005639801363292772,5804.226084971683,5.9608609865491405e-06,2708.4247194309996
374,1,2708.730288420136,0.0043304077734006245,6846.945793523193,1,2708.730288420136,0.004311829803609316,4555.117731465287,0.005685500100894151,5810.500325447832,5.9608609865491405e-06,2712.3959057778125
373,1,2712.6672962941507,0.004375853679579198,6853.360479791026,1,2712.6672962941507,0.004355394876418976,4560.813129315562,0.005732025896242204,5816.694605741415,5.9608609865491405e-06,2716.3357994380744
372,1,2716.5735462941498,0.00442238135719822,6859.688164448831,1,2716.5735462941498,0.004401286825318992,4566.447740418593,0.005779403923926193,5822.809966273199,5.9608609865491405e-06,2720.2448893602923
371,1,2720.4495152863974,0.00447002988277929,6865.930096037196,1,2720.4495152863974,0.004448273016573177,4572.022094822817,0.005827660480697118,5828.847421640244,5.9608609865491405e-06,2724.123653122075
370,1,2724.2956691325503,0.004518840126890317,6872.087492075521,1,2724.2956691325503,0.004496393078562577,4577.536848324069,0.005876823051456115,5834.807961388926,5.9608609865491405e-06,2727.9725572800107
369,1,2728.112463025679,0.004568854848463451,6878.1615399491475,1,2728.112463025679,0.004546283370591641,4582.992864671134,0.005926920379981421,5840.69255075707,5.9608609865491405e-06,2731.792057706187
368,1,2731.900341813557,0.004620118794349631,6884.1533977613335,1,2731.900341813557,0.004596769651434643,4588.3904341041425,0.005977982544820937,5846.5021313865045,5.9608609865491405e-06,2735.582599911959
367,1,2735.659740309797,0.004672678804380148,6890.064195151736,1,2735.659740309797,0.004648744065279909,4593.730287775686,0.006030041040773626,5852.237622007203,5.9608609865491405e-06,2739.344619359556
366,1,2739.3910835933784,0.004726583922224991,6895.895034082855,1,2739.3910835933784,0.004702210263650788,4599.013022360921,0.006083128866436612,5857.899919094256,5.9608609865491405e-06,2743.0785417620527
365,1,2743.0947872970814,0.0047818855123091045,6901.646989595964,1,2743.0947872970814,0.004757065777107379,4604.239164334516,0.006137280618357994,5863.489897498634,5.9608609865491405e-06,2746.784783372232
364,1,2746.771257885316,0.004838637383225015,6907.321110537808,1,2746.771257885316,0.004810025166823363,4609.408123072521,0.006192532592365965,5869.008411052877,5.9608609865491405e-06,2750.463751260831
363,1,2750.4208929218116,0.00489689591781716,6912.918420259415,1,2750.4208929218116,0.0048678032967034044,4614.5218311631115,0.006248922892706138,5874.456293152588,5.9608609865491405e-06,2754.1158435846287
362,1,2754.044081327608,0.0049567202103985375,6918.439917288352,1,2754.044081327608,0.004927092549414358,4619.580442799641,0.006306491549692842,5879.834357314635,5.9608609865491405e-06,2757.741449844823
361,1,2757.641203629766,0.005018172211422623,6923.886575975458,1,2757.641203629766,0.004988079449846646,4624.584462943219,0.0063652806466357546,5885.143397712977,5.9608609865491405e-06,2761.3409511361087
360,1,2761.212632201194,0.005081316885954727,6929.259347117386,1,2761.212632201194,0.005049854986359896,4629.534071053083,0.006425334464463958,5890.384189695171,5.9608609865491405e-06,2764.9147203868683
359,1,2764.7587314919733,0.005146222353843235,6934.5591585559605,1,2764.7587314919733,0.005113046260183188,4634.429686648356,0.006486699603825514,5895.557490269069,5.9608609865491405e-06,2768.463122590836
358,1,2768.279858252536,0.005212960086819171,6939.786915755421,1,2768.279858252536,0.005178294391303428,4639.271817442482,0.006549425179696147,5900.664038582895,5.9608609865491405e-06,2771.986515030613
357,1,2771.7763617490386,0.005281605070403386,6944.94350235862,1,2771.7763617490386,0.005245953236892455,4644.060972835206,0.006613562974663938,5905.704556375732,5.9608609865491405e-06,2775.4852474933587
356,1,2775.24858397126,0.005352235995954087,6950.029780723136,1,2775.24858397126,0.005315966669448141,4648.797579377812,0.0066791676312279395,5910.679748412737,5.9608609865491405e-06,2778.959662479001
355,1,2778.696859833328,0.005424935459089167,6955.04659243825,1,2778.696859833328,0.0053867562398464105,4653.481667838462,0.006746296855647998,5915.590302901501,5.9608609865491405e-06,2782.4100954012624
354,1,2782.1215173675737,0.005499790168704671,6959.994758823748,1,2782.1215173675737,0.005460143788705878,4658.11378316994,0.006815011639197007,5920.436891890633,5.9608609865491405e-06,2785.836874781803
353,1,2785.522877911791,0.005576891167394837,6964.875081411433,1,2785.522877911791,0.005536830666704744,4662.694437025524,0.006885376498490953,5925.220171651072,5.9608609865491405e-06,2789.2403224377604
352,1,2788.9012562901685,0.005656334063814154,6969.688342410197,1,2788.9012562901685,0.005613385104087262,4667.223364677912,0.0069574597367935065,5929.940783040575,5.9608609865491405e-06,2792.62075366295
351,1,2792.2569609881543,0.005738219277718865,6974.435305155555,1,2792.2569609881543,0.005693644094166604,4671.70128528093,0.00703133372832,5934.599351851897,5.9608609865491405e-06,2795.978477402988
350,1,2795.5902943214874,0.005822652298609756,6979.116714544383,1,2795.5902943214874,0.005777944271508385,4676.128656346785,0.007107075227913092,5939.196489144969,5.9608609865491405e-06,2799.3137964245816
349,1,2798.901552599632,0.005909743958688268,6983.733297455787,1,2798.901552599632,0.005863215040470629,4680.505345969481,0.007184765708544084,5943.732791563597,5.9608609865491405e-06,2802.627007479205
348,1,2802.1910262838414,0.005999610721414392,6988.285763158769,1,2802.1910262838414,0.0059511341069575525,4684.831688024163,0.007264491729520074,5948.208841636966,5.9608609865491405e-06,2805.9184014613934
347,1,2805.4590001400497,0.006092374986557907,6992.774803707509,1,2805.4590001400497,0.006042477313652109,4689.107998375572,0.007346345338440138,5952.625208066339,5.9608609865491405e-06,2809.1882635618695
346,1,2808.7057533868024,0.006188165413231049,6997.201094325014,1,2808.7057533868024,0.006134071437319111,4693.3340589002055,0.007430424510364901,5956.982445997326,5.9608609865491405e-06,2812.4368734156897
345,1,2811.9315598384146,0.006287117262350142,7001.565293775824,1,2811.9315598384146,0.006232581524079898,4697.510758519304,0.007516833627989934,5961.281097278013,5.9608609865491405e-06,2815.664505245623
344,1,2815.136688043542,0.0063893727602046795,7005.868044728487,1,2815.136688043542,0.006330806605958635,4701.63760985018,0.0076056840069990755,5965.521690703354,5.9608609865491405e-06,2818.871428000921
343,1,2818.3214014193377,0.006495081485178626,7010.109974108488,1,2818.3214014193377,0.006434322004576275,4705.715216278614,0.007697094471246934,5969.704742246091,5.9608609865491405e-06,2822.057905491678
342,1,2821.4859583813623,0.006604400779789988,7014.291693442263,1,2821.4859583813623,0.006540494436880235,4709.743537542846,0.007791191982790704,5973.830755274644,5.9608609865491405e-06,2825.2241965189373
341,1,2824.6306124694115,0.006717496190639172,7018.413799192916,1,2824.6306124694115,0.006653685432427802,4713.723123064888,0.007888112332422292,5977.900220758269,5.9608609865491405e-06,2828.370555000701
340,1,2827.755612469411,0.0068345419392706495,7022.476873088265,1,2827.755612469411,0.006767335487597257,4717.653602399477,0.007988000902514865,5981.91361746061,5.9608609865491405e-06,2831.4972300940112
339,1,2830.861202531522,0.006955721433804008,7026.481482441695,1,2830.861202531522,0.006885458892980331,4721.535290709961,0.008091013479037047,5985.871412118894,5.9608609865491405e-06,2834.6044663132293
338,1,2833.947622284608,0.007081227790134809,7030.428180466452,1,2833.947622284608,0.007007707308283046,4725.368269697136,0.008197317186399678,5989.774059615647,5.9608609865491405e-06,2837.692503644676
337,1,2837.015106947184,0.007211264446450038,7034.317506583711,1,2837.015106947184,0.007133342716647878,4729.152566136281,0.008307091473408574,5993.622003136673,5.9608609865491405e-06,2840.7615776577454
336,1,2840.063887434989,0.007346045778995867,7038.149986724965,1,2840.063887434989,0.007264471285210391,4732.888383754942,0.008420529212934754,5997.415674320137,5.9608609865491405e-06,2843.8119196126336
335,1,2843.0941904652914,0.007485797791763856,7041.926133629065,1,2843.0941904652914,0.0074011868899839465,4736.575831988746,0.00853783790481247,6001.15549339613,5.9608609865491405e-06,2846.843756564807
334,1,2846.106238658062,0.007630758861393568,7045.646447134217,1,2846.106238658062,0.007541972016175446,4740.214902336016,0.008659240994443894,6004.841869317849,5.9608609865491405e-06,2849.857311466321
333,1,2849.100250634109,0.007781180548004893,7049.311414465263,1,2849.100250634109,0.0076879689433155,4743.805694627551,0.008784979317364121,6008.475199885536,5.9608609865491405e-06,2852.8528032641007
332,3,2852.0534970795024,0.00793732847973361,7052.92151051636,3,2852.0534970795024,0.007837896390987933,4747.348193187382,0.008915312680073817,6012.05587186438,4.9959046853485115e-06,2855.8302118402185
331,3,2854.969941740215,0.008099483319240122,7056.477198129355,3,2854.969941740215,0.007996242519300187,4750.842637008363,0.009050521587545919,6015.584261097985,5.897184713417099e-06,2858.7902036054757
330,3,2857.8530802130435,0.00826794182182934,7059.978928367724,3,2857.8530802130435,0.008159753037898964,4754.288976910021,0.009190909127924914,6019.060732619171,5.086035991398301e-06,2861.7325756180867
329,3,2860.702622303727,0.008443017994991562,7063.4271407862925,3,2860.702622303727,0.008327945895065091,4757.687224980361,0.009336803023786543,6022.485640760235,6.658588160076309e-06,2864.658088654055
328,3,2863.5188653784244,0.0086250443708794,7066.822263696591,3,2863.5188653784244,0.0085047072321749,4761.037543081725,0.009488557858727795,6025.859329265174,4.6901124216249285e-06,2867.566127736368
327,3,2866.3025570347368,0.00881437340361667,7070.1647144277185,3,2866.3025570347368,0.00868976501789417,4764.339987374443,0.009646557485659733,6029.182131406769,5.75350782395687e-06,2870.457580256066
326,3,2869.054276306115,0.009011379004741298,7073.4548995825835,3,2869.054276306115,0.008879244829806888,4767.594500898468,0.009811217620946848,6032.454370111825,4e-06,2873.332016215881
325,3,2871.774543309901,0.009216458230885939,7076.693215289313,3,2871.774543309901,0.009075804216458191,4770.801172822149,0.009982988624034256,6035.676358098475,4e-06,2876.190015525866
324,3,2874.463895635159,0.009430033139358364,7079.880047447519,3,2874.463895635159,0.009283846747995624,4773.960147162083,0.010162358457653254,6038.848398029738,0.006978451342472911,2879.5299700791766
323,3,2877.1228612637005,0.00965255283293746,7083.0157719691115,3,2877.1228612637005,0.009498416829969028,4777.071395954151,0.010349855816516892,6041.970782688244,0.007554081030474926,2882.618686243316
322,3,2879.7519514956557,0.009884495690457353,7086.100755013386,3,2879.7519514956557,0.009721815462102996,4780.135005956783,0.010546053404302551,6045.0437951772465,0.008038713803662952,2885.6745644965554
321,3,2882.3516665403217,0.01012637184907265,7089.135353215933,3,2882.3516665403217,0.009955392193465166,4783.151057299749,0.010751571332892151,6048.0677091536945,0.008484260399407285,2888.686806120999
320,3,2884.9224961817085,0.010378725907071295,7092.119913911066,3,2884.9224961817085,0.010196549838544598,4786.11958611657,0.010967080580664873,6051.042789098538,0.008904369864592235,2891.6529293492385
319,3,2887.46491922296,0.01064213990669182,7095.054775347366,3,2887.46491922296,0.010448968572879955,4789.040702470052,0.011193306500227592,6053.96929063095,0.009310403669476008,2894.5724693193874
318,3,2889.9794038605182,0.010917236611292909,7097.940266895995,3,2889.9794038605182,0.010715370372605405,4791.914512819136,0.011431032255587127,6056.847460870675,0.00970837234489847,2897.4453007187135
317,3,2892.4664080947796,0.01120468310842109,7100.776709251461,3,2892.4664080947796,0.01099111829373204,4794.741073405147,0.01168110214430771,6059.6775388534315,0.010102242140626024,2900.271356165582
316,3,2894.9263799771165,0.011505194772811141,7103.564414624441,3,2894.9263799771165,0.011279014685801768,4797.520496318732,0.011944424704619717,6062.4597560020275,0.010495546257597311,2903.0506026752596
315,5,2897.3481634214927,0.011819539626852513,7106.303686926523,5,2897.3481634214927,0.011578726871245023,4800.252884748197,0.012221975520712764,6065.194336653754,0.0108922704818958,2905.783038888015
314,5,2899.7310290822584,0.012148543141434709,7108.994821946538,5,2899.7310290822584,0.011894114724292746,4802.938365352378,0.012514799645625688,6067.881498641597,0.011291646711626743,2908.468708246838
313,5,2902.079024077304,0.012493093526334029,7111.638107518277,5,2902.079024077304,0.012222879851899874,4805.5770525945345,0.01282401358675568,6070.521453923002,0.01169687196940314,2911.1076722930948
312,5,2904.3927489355247,0.012854147567450926,7114.233823679577,5,2904.3927489355247,0.012567944636383954,4808.169081205969,0.013150806841278336,6073.114409245138,0.012109685306737705,2913.7000184882845
311,5,2906.6724760901448,0.013232737066112827,7116.782242822519,5,2906.6724760901448,0.012926869018724372,4810.714586201861,0.013496443037311675,6075.660566830755,0.012532434226015491,2916.245851746326
310,5,2908.91899088491,0.013629975969972582,7119.283629834828,5,2908.91899088491,0.013303670383333487,4813.213715911224,0.01386226082890999,6078.16012506338,0.012964333428319569,2918.745302995003
309,5,2911.1329675432294,0.014047068261293538,7121.738242232329,5,2911.1329675432294,0.0137025133431567,4815.66661874212,0.014249674808534242,6080.6132791461705,0.013411467564752312,2921.1984978196783
308,5,2913.3150530520084,0.014485316709087679,7124.146330282581,5,2913.3150530520084,0.014115766303735823,4818.073456768431,0.014660176835591803,6083.020221705365,0.01387040204321627,2923.605598553485
307,5,2915.465898348854,0.014946132591993982,7126.508137119602,5,2915.465898348854,0.01455279016332146,4820.43438740819,0.015095338296611801,6085.38114330812,0.014345796384660717,2925.9667575166563
306,5,2917.586123338694,0.015431046518352056,7128.823898849799,5,2917.586123338694,0.015011064898453204,4822.749580590925,0.015556813968768995,6087.696232866388,0.014838290776356568,2928.282143887862
305,7,2919.664889870667,0.01594172048739554,7131.093844649088,7,2919.664889870667,0.015492679925573544,4825.01920682346,0.016046348181233034,6089.96567790307,0.015349860826726508,2930.5519298754116
304,7,2921.7054212436724,0.016479961357918918,7133.31819685123,7,2921.7054212436724,0.015999953392173603,4827.243438121712,0.016565784033929883,6092.189664665123,0.01588246151886197,2932.7762919894967
303,7,2923.711585522561,0.01704773591596518,7135.497171027384,7,2923.711585522561,0.016531636893254684,4829.422456889486,0.017117076353990936,6094.3683780784195,0.01643864053842805,2934.9554078068845
302,7,2925.683213845855,0.017647187757609862,7137.630976056818,7,2925.683213845855,0.01709594930186954,4831.556425594426,0.01770230895352843,6096.502001551098,0.017021022064745872,2937.089455770234
301,7,2927.62103337074,0.018280656242416697,7139.71981418875,7,2927.62103337074,0.017689020402487675,4833.64553219919,0.018323716543698423,6098.590716643578,0.017629018006336657,2939.1786245460257
300,7,2929.5259063251137,0.0189506977965252,7141.763881095068,7,2929.5259063251137,0.018314772415617225,4835.689950009603,0.01898371149102441,6100.634702632452,0.01826809594282872,2941.223086821015
299,9,2931.3945848677627,0.01966010991458471,7143.763365913939,7,2931.3985127783026,0.018974317749050514,4837.6898574870365,0.019684915333946083,6102.634136001881,0.01893893467008462,2943.2230255595364
298,9,2933.222340755374,0.020411958226169785,7145.718451283905,9,2933.224805287593,0.019674204712182154,4839.645416718574,0.020430194871585722,6104.589189897876,0.019647383761634423,2945.178607726356
297,9,2935.0138487605495,0.0212096070800716,7147.62931336828,9,2935.0153888042296,0.020411625194914258,4841.556810878513,0.021222702535221193,6106.5000335791065,0.020392407878752565,2947.090015565441
296,9,2936.771219121225,0.022056754153820784,7149.496121869476,9,2936.773284311602,0.021197758211080695,4843.424184474696,0.022065920781865374,6108.366831892515,0.021183518187867432,2948.9573999865615
295,9,2938.494467437478,0.02295746967997459,7151.319040032841,9,2938.496444757553,0.022025699179651175,4845.2477244569045,0.022963710371677656,6110.189744794758,0.022015424578217507,2950.7809469948584
294,11,2940.1786632315466,0.023916240975366956,7153.098224639629,9,2940.1866059083845,0.02290807920546976,4847.027566059649,0.023920362607240165,6111.968926932139,0.022901192132997614,2952.5607917921457
293,11,2941.823432412902,0.024938023067692987,7154.8338259885495,11,2941.828915269931,0.023845451337449364,4848.76386780901,0.024940655883667076,6113.704527283998,0.02384078883999412,2954.2970958137307
292,11,2943.432998337064,0.02602829632444572,7156.525987865383,11,2943.437006928783,0.024841371833328022,4850.456778455189,0.02602991723051784,6115.3966888675495,0.024838334495344266,2955.990007591853
291,11,2945.008458801945,0.027193132187722655,7158.174847500211,11,2945.013366915678,0.02590097469401423,4852.10643868947,0.027194089910786156,6117.04554849729,0.025898602529408617,2957.6396697221057
290,13,2946.5419225654928,0.028439268207670638,7159.780535511631,11,2946.5550683186502,0.027031699306590825,4853.71297786417,0.02843980843236728,6118.65123658879,0.027030541638652306,2959.24620816464
289,13,2948.0380828426096,0.02977419383395447,7161.343175837543,13,2948.047480557096,0.028239920775780684,4855.2765223264905,0.0297744827446078,6120.213876995345,0.028239221118815817,2960.8097527688387
288,13,2949.5003914155723,0.031206248616565697,7162.862885652088,13,2949.5076923571933,0.0295291989914074,4856.79720204928,0.03120639369116935,6121.733586865859,0.02952880206253744,2962.330432499294
287,15,2950.920302026295,0.03274473472196183,7164.339775268522,13,2950.937300891866,0.030908216298725318,4858.27513059875,0.032744802091899484,6123.210476513607,0.0309080016693946,2963.8083610269064
286,15,2952.3036295406855,0.03440004597110158,7165.773948028031,15,2952.316128775911,0.03238452785654218,4859.710419774079,0.03440007411226496,6124.6446492874475,0.03238442981506577,2965.243650143273
285,17,2953.649001653382,0.036183815913913224,7167.165500174928,15,2953.6641347859627,0.033969334188426924,4861.103167614673,0.036183825828997054,6126.036201439314,0.03396928400054628,2966.636397981799
284,17,2954.9552662149536,0.038109087815869504,7168.514520719185,17,2954.9694426113615,0.035671247969859696,4862.453474360966,0.03810909014721599,6127.385221984378,0.03567122149165164,2967.9867047302473
283,19,2956.2233538004302,0.040190509793371576,7169.8210912881505,17,2956.239712676046,0.03750369838595927,4863.761424483446,0.04019050946672275,6128.691792552821,0.03750368827533178,2969.2946548425966
282,19,2957.4528605364767,0.04244455873084543,7171.085285970468,19,2957.468260211323,0.03947680059961936,4865.027107345469,0.04244455777049841,6129.955987234482,0.03947679655473279,2970.560337703327
281,21,2958.642618065876,0.04488979696246758,7172.307171156856,19,2958.6619680798754,0.041604576257777665,4866.250600635824,0.04488979606036372,6131.177872420434,0.041604574807464066,2971.783830993421
280,23,2959.7942195115806,0.04754716602950188,7173.48680538478,21,2959.812909973813,0.043903626991555776,4867.431972936435,0.047547165342426964,6132.357506648169,0.043903626523381964,2972.9652032942367
279,23,2960.9063692131494,0.05044032200456296,7174.624239197421,21,2960.9307569219827,0.04639167328984459,4868.571287757586,0.05044032151249922,6133.494940460765,0.0463916731220658,2974.1045181157233
278,25,2961.978326922255,0.05359601687092573,7175.719515031469,23,2962.004393834575,0.049089494685671586,4869.668599453452,0.053596016518784866,6134.590216294836,0.04908949463408135,2975.201829811725
277,27,2963.0110988465963,0.05704453007608735,7176.772667154912,25,2963.0355792871983,0.05202028763361627,4870.723955334652,0.05704452981561445,6135.643368418327,0.052020287474848485,2976.257185693365
276,29,2964.0041986424944,0.06082015347034823,7177.783721683792,27,2964.0297652606523,0.055206937938640066,4871.737404072045,0.06082015326772428,6136.654422947263,0.05520693794938692,2977.270634430428
275,31,2964.9573985338247,0.06496173112065667,7178.752696718709,27,2964.992556758632,0.05867743721934972,4872.708984155503,0.06496173095477016,6137.623397982237,0.058677437383005904,2978.2422145134715
274,33,2965.8706130910446,0.06951325255944485,7179.679602656483,29,2965.9106034116994,0.06246951573561489,4873.638712220672,0.06951325241542909,6138.55030392007,0.0624695157340387,2979.171942578962
273,35,2966.7438987934634,0.07452449340030233,7180.564442752945,31,2966.786976765378,0.06661274716425418,4874.52662867727,0.07452449326913838,6139.43514401658,0.06661274716381914,2980.0598590355207
272,39,2967.5761344445964,0.08005169032485401,7181.40721403873,35,2967.616499835305,0.0711513680485805,4875.372746535075,0.08005169019865835,6140.277915302413,0.0711513680494227,2980.9059768932907
271,41,2968.368210868231,0.08615822742175981,7182.207908724587,37,2968.41192616551,0.07613384863470125,4876.1770764506255,0.08615822729498003,6141.078609988329,0.07613384863433179,2981.7103068088163
270,45,2969.1193405734434,0.0929152969683758,7182.966516275578,39,2969.171873231324,0.08161255068479681,4876.939631419221,0.09291529683582131,6141.837217539382,0.08161255085853265,2982.4728617769465
269,49,2969.8296049679166,0.10040247922167352,7183.683026387371,43,2969.8821809846518,0.08765164176171562,4877.660411987022,0.10040247907860896,6142.553727651248,0.08765164175460785,2983.1936423450925
268,53,2970.4990520919314,0.10870816213764169,7184.357433161667,45,2970.5618011138076,0.09431241883931053,4878.339445562185,0.10870816197734577,6143.228134425629,0.09431241883931053,2983.872675920205
267,57,2971.1274235791902,0.1179296934479373,7184.98974085066,49,2971.1954798999236,0.10168384410736472,4878.976721954116,0.11792969326113936,6143.8604421147065,0.10168384410736472,2984.5099523121016
266,63,2971.7143829996517,0.12817312560494823,7185.57997161647,53,2971.787859689249,0.1098468106866206,4879.572280665787,0.1281731253821265,6144.450672880643,0.1098468106866206,2985.1055110237344
265,69,2972.2601213181956,0.13955238213716464,7186.128175822595,59,2972.334485011004,0.11890764469623756,4880.126146310115,0.13955238186435212,6144.998877086913,0.11890764469623756,2985.6593766680166
264,75,2972.7646481056704,0.15218764785511132,7186.6344454210275,63,2972.8476998778015,0.12898504136059552,4880.638366950098,0.1521876475142875,6145.505146685522,0.12898504135269295,2986.171597307963
263,83,2973.227997955162,0.16620277377686693,7187.09893099846,69,2973.3174818378593,0.14020976889706546,4881.1090290397005,0.16620277334860414,6145.969632263197,0.14020976889706546,2986.6422593974808
262,89,2973.650247402781,0.18172150152327052,7187.521862960172,75,2973.7459562477134,0.1527308008499582,4881.5382616663655,0.1817215009753445,6146.392564225207,0.1527308008499582,2987.0714920240594
261,99,2974.031504241934,0.19886236222486892,7187.903577121177,83,2974.1312311689976,0.16672427469443868,4881.926239088003,0.19886236152242592,6146.774278386602,0.16672427469443868,2987.4594694455864
260,109,2974.372513916121,0.21773219955662598,7188.244544598367,91,2974.476346287821,0.1823819820822557,4882.273230573125,0.21773219866403534,6147.115245864294,0.1823819820822557,2987.8064609305716
259,119,2974.6735362920663,0.23841840517053303,7188.545405323456,99,2974.7865601091066,0.19992558142679046,4882.5796059476825,0.23841840404821762,6147.416106590006,0.19992558142679046,2988.1128363049424
258,129,2974.9355620652223,0.2609801261776183,7188.8070037219695,109,2975.0525451979347,0.2196097709748853,4882.845872258722,0.2609801248002078,6147.677704989278,0.2196097709748853,2988.3791026157387
257,143,2975.159521701885,0.28543888612743523,7189.030424167574,121,2975.2775473028805,0.24171787993767627,4883.072735511579,0.2854388844933914,6147.90112543579,0.24171787993767627,2988.605965868276
256,155,2975.3466866667295,0.3117692257777674,7189.217022817877,133,2975.467484082497,0.2665783533823476,4883.261141981285,0.311769223923247,6148.0877240871105,0.2665783533823476,2988.794372337561
255,169,2975.4987716701617,0.33989009904859696,7189.368451512688,147,2975.620081137568,0.2945631891565282,4883.4123726557,0.33989009706305356,6148.239152783018,0.2945631891565282,2988.9456030114493
254,185,2975.6176344293776,0.36965785888027397,7189.486668745399,163,2975.735857461228,0.32610506056781197,4883.528141334146,0.3696578569090436,6148.357370016815,0.32610506056781197,2989.0613716892444
253,201,2975.7055346307598,0.40086178144328477,7189.573932478941,181,2975.81930803503,0.361712643867944,4883.610748979461,0.4008617796799792,6148.444633751347,0.361712643867944,2989.143979333816
252,217,2975.764918328009,0.433223289631016,7189.632769911225,201,2975.872663546486,0.40200230136303433,4883.663305598948,0.4332232882934726,6148.503471184407,0.40200230136303433,2989.1965359525407
251,233,2975.7985430068834,0.4664004516094526,7189.665920286501,223,2975.9009938275817,0.4477468796627152,4883.690091341017,0.4664004508880912,6148.536621560176,0.4477468796627152,2989.2233216939817
250,250,2975.809273105018,0.5000000000026593,7189.676248533129,249,2975.9077472961603,0.49999999999999956,4883.697180464154,0.5000000000000009,6148.546949806962,0.49999999999999956,2989.2304108168505
249,266,2975.7993338282245,0.533599900176859,7189.666629878689,281,2975.9051015381815,0.5603361959106922,4883.69374215592,0.5335999008967292,6148.537331152364,0.5603361959106922,2989.226972508966
248,284,2975.7722546241052,0.5667858284211496,7189.6398085731535,315,2975.9036584674054,0.6315651682206486,4883.6952927108305,0.5667858297514625,6148.510509846447,0.6315651682206486,2989.228523064893
247,300,2975.7304570174756,0.5992037013474278,7189.598237074478,361,2975.946079951874,0.7205562543664384,4883.735583842767,0.5992037030991093,6148.468938347211,0.7205562543664384,2989.268814198034
246,316,2975.676010642938,0.6306265492105817,7189.543904325975,500,2976.735857461228,1.0,4884.528141334146,0.6306265511649263,6148.414605598096,1.0,2990.0613716892444
245,330,2975.6101886741853,0.6610283925999875,7189.478160262028,500,2976.620081137568,1.0,4884.4123726557,0.6610283945553763,6148.348861533521,1.0,2989.9456030114493
244,346,2975.533546705279,0.6906555181233185,7189.4015334427095,500,2976.467484082497,1.0,4884.261141981285,0.6906555199216716,6148.272234713599,1.0,2989.794372337561
243,360,2975.4455695958313,0.7200956551097949,7189.31351249807,500,2976.2775473028805,1.0,4884.072735511579,0.7200956566525477,6148.184213768391,1.0,2989.605965868276
242,376,2975.3444103234256,0.7503774589433199,7189.212206934147,500,2976.0525451979347,1.0,4883.845872258722,0.7503774601790175,6148.082908203909,1.0,2989.3791026157387
241,392,2975.22608355681,0.7832051750157738,7189.093678593568,500,2975.7865601091066,1.0,4883.5796059476825,0.7832051759045614,6147.964379862789,1.0,2989.1128363049424
240,412,2975.083099753812,0.8216427988965948,7188.950377561126,500,2975.476346287821,1.0,4883.273230573125,0.8216427994929337,6147.821078829799,1.0,2988.8064609305716
239,436,2974.8996216969813,0.8723499368635396,7188.766756575737,500,2975.1312311689976,1.0,4882.926239088003,0.8723499374615945,6147.637457843747,1.0,2988.4594694455864
238,477,2974.6360653333527,0.950010189204021,7188.50487107839,500,2974.7459562477134,1.0,4882.5382616663655,0.9500101908634858,6147.375572344876,1.0,2988.0714920240594
237,500,2974.227997955162,1.0,7188.09893099846,500,2974.3174818378593,1.0,4882.1090290397005,1.0,6146.969632263197,1.0,2987.6422593974808
236,500,2973.7646481056704,1.0,7187.6344454210275,500,2973.8476998778015,1.0,4881.638366950098,1.0,6146.505146685522,1.0,2987.171597307963
235,500,2973.2601213181956,1.0,7187.128175822595,500,2973.334485011004,1.0,4881.126146310115,1.0,6145.998877086913,1.0,2986.6593766680166
234,500,2972.7143829996517,1.0,7186.57997161647,500,2972.787859689249,1.0,4880.572280665787,1.0,6145.450672880643,1.0,2986.1055110237344
233,500,2972.1274235791902,1.0,7185.98974085066,500,2972.1954798999236,1.0,4879.976721954116,1.0,6144.8604421147065,1.0,2985.5099523121016
232,500,2971.4990520919314,1.0,7185.357433161667,500,2971.5618011138076,1.0,4879.339445562185,1.0,6144.228134425629,1.0,2984.872675920205
231,500,2970.8296049679166,1.0,7184.683026387371,500,2970.8821809846518,1.0,4878.660411987022,1.0,6143.553727651248,1.0,2984.1936423450925
230,500,2970.1193405734434,1.0,7183.966516275578,500,2970.171873231324,1.0,4877.939631419221,1.0,6142.837217539382,1.0,2983.4728617769465
229,500,2969.368210868231,1.0,7183.207908724587,500,2969.41192616551,1.0,4877.1770764506255,1.0,6142.078609988329,1.0,2982.7103068088163
228,500,2968.5761344445964,1.0,7182.40721403873,500,2968.616499835305,1.0,4876.372746535075,1.0,6141.277915302413,1.0,2981.9059768932907
227,500,2967.7438987934634,1.0,7181.564442752945,500,2967.786976765378,1.0,4875.52662867727,1.0,6140.43514401658,1.0,2981.0598590355207
226,500,2966.8706130910446,1.0,7180.679602656483,500,2966.9106034116994,1.0,4874.638712220672,1.0,6139.55030392007,1.0,2980.171942578962
225,500,2965.9573985338247,1.0,7179.752696718709,500,2965.992556758632,1.0,4873.708984155503,1.0,6138.623397982237,1.0,2979.2422145134715
224,500,2965.0041986424944,1.0,7178.783721683792,500,2965.0297652606523,1.0,4872.737404072045,1.0,6137.654422947263,1.0,2978.270634430428
223,500,2964.0110988465963,1.0,7177.772667154912,500,2964.0355792871983,1.0,4871.723955334652,1.0,6136.643368418327,1.0,2977.257185693365
222,500,2962.978326922255,1.0,7176.719515031469,500,2963.004393834575,1.0,4870.668599453452,1.0,6135.590216294836,1.0,2976.201829811725
221,500,2961.9063692131494,1.0,7175.624239197421,500,2961.9307569219827,1.0,4869.571287757586,1.0,6134.494940460765,1.0,2975.1045181157233
220,500,2960.7942195115806,1.0,7174.48680538478,500,2960.812909973813,1.0,4868.431972936435,1.0,6133.357506648169,1.0,2973.9652032942367
219,500,2959.642618065876,1.0,7173.307171156856,500,2959.6619680798754,1.0,4867.250600635824,1.0,6132.177872420434,1.0,2972.783830993421
218,500,2958.4528605364767,1.0,7172.085285970468,500,2958.468260211323,1.0,4866.027107345469,1.0,6130.955987234482,1.0,2971.560337703327
217,500,2957.2233538004302,1.0,7170.8210912881505,500,2957.239712676046,1.0,4864.761424483446,1.0,6129.691792552821,1.0,2970.2946548425966
216,500,2955.9552662149536,1.0,7169.514520719185,500,2955.9694426113615,1.0,4863.453474360966,1.0,6128.385221984378,1.0,2968.9867047302473
215,500,2954.649001653382,1.0,7168.165500174928,500,2954.6641347859627,1.0,4862.103167614673,1.0,6127.036201439314,1.0,2967.636397981799
214,500,2953.3036295406855,1.0,7166.773948028031,500,2953.316128775911,1.0,4860.710419774079,1.0,6125.6446492874475,1.0,2966.243650143273
213,500,2951.920302026295,1.0,7165.339775268522,500,2951.937300891866,1.0,4859.27513059875,1.0,6124.210476513607,1.0,2964.8083610269064
212,500,2950.5003914155723,1.0,7163.862885652088,500,2950.5076923571933,1.0,4857.79720204928,1.0,6122.733586865859,1.0,2963.330432499294
211,500,2949.0380828426096,1.0,7162.343175837543,500,2949.047480557096,1.0,4856.2765223264905,1.0,6121.213876995345,1.0,2961.8097527688387
210,500,2947.5419225654928,1.0,7160.780535511631,500,2947.5550683186502,1.0,4854.71297786417,1.0,6119.65123658879,1.0,2960.24620816464
209,500,2946.008458801945,1.0,7159.174847500211,500,2946.013366915678,1.0,4853.10643868947,1.0,6118.04554849729,1.0,2958.6396697221057
208,500,2944.432998337064,1.0,7157.525987865383,500,2944.437006928783,1.0,4851.456778455189,1.0,6116.3966888675495,1.0,2956.990007591853
207,500,2942.823432412902,1.0,7155.8338259885495,500,2942.828915269931,1.0,4849.76386780901,1.0,6114.704527283998,1.0,2955.2970958137307
206,500,2941.1786632315466,1.0,7154.098224639629,500,2941.1866059083845,1.0,4848.027566059649,1.0,6112.968926932139,1.0,2953.5607917921457
205,500,2939.494467437478,1.0,7152.319040032841,500,2939.496444757553,1.0,4846.2477244569045,1.0,6111.189744794758,1.0,2951.7809469948584
204,500,2937.771219121225,1.0,7150.496121869476,500,2937.773284311602,1.0,4844.424184474696,1.0,6109.366831892515,1.0,2949.9573999865615
203,500,2936.0138487605495,1.0,7148.62931336828,500,2936.0153888042296,1.0,4842.556810878513,1.0,6107.5000335791065,1.0,2948.090015565441
202,500,2934.222340755374,1.0,7146.718451283905,500,2934.224805287593,1.0,4840.645416718574,1.0,6105.589189897876,1.0,2946.178607726356
201,500,2932.3945848677627,1.0,7144.763365913939,500,2932.3985127783026,1.0,4838.6898574870365,1.0,6103.634136001881,1.0,2944.2230255595364
200,500,2930.5259063251137,1.0,7142.763881095068,500,2930.5259063251137,1.0,4836.689950009603,1.0,6101.634702632452,1.0,2942.223086821015
199,500,2928.62103337074,1.0,7140.71981418875,500,2928.62103337074,1.0,4834.64553219919,1.0,6099.590716643578,1.0,2940.1786245460257
198,500,2926.683213845855,1.0,7138.630976056818,500,2926.683213845855,1.0,4832.556425594426,1.0,6097.502001551098,1.0,2938.089455770234
197,500,2924.711585522561,1.0,7136.497171027384,500,2924.711585522561,1.0,4830.422456889486,1.0,6095.3683780784195,1.0,2935.9554078068845
196,500,2922.7054212436724,1.0,7134.31819685123,500,2922.7054212436724,1.0,4828.243438121712,1.0,6093.189664665123,1.0,2933.7762919894967
195,500,2920.664889870667,1.0,7132.093844649088,500,2920.664889870667,1.0,4826.01920682346,1.0,6090.96567790307,1.0,2931.5519298754116
194,500,2918.586123338694,1.0,7129.823898849799,500,2918.586123338694,1.0,4823.749580590925,1.0,6088.696232866388,1.0,2929.282143887862
193,500,2916.465898348854,1.0,7127.508137119602,500,2916.465898348854,1.0,4821.43438740819,1.0,6086.38114330812,1.0,2926.9667575166563
192,500,2914.3150530520084,1.0,7125.146330282581,500,2914.3150530520084,1.0,4819.073456768431,1.0,6084.020221705365,1.0,2924.605598553485
191,500,2912.1329675432294,1.0,7122.738242232329,500,2912.1329675432294,1.0,4816.66661874212,1.0,6081.6132791461705,1.0,2922.1984978196783
190,500,2909.91899088491,1.0,7120.283629834828,500,2909.91899088491,1.0,4814.213715911224,1.0,6079.16012506338,1.0,2919.745302995003
189,500,2907.6724760901448,1.0,7117.782242822519,500,2907.6724760901448,1.0,4811.714586201861,1.0,6076.660566830755,1.0,2917.245851746326
188,500,2905.3927489355247,1.0,7115.233823679577,500,2905.3927489355247,1.0,4809.169081205969,1.0,6074.114409245138,1.0,2914.7000184882845
187,500,2903.079024077304,1.0,7112.638107518277,500,2903.079024077304,1.0,4806.5770525945345,1.0,6071.521453923002,1.0,2912.1076722930948
186,500,2900.7310290822584,1.0,7109.994821946538,500,2900.7310290822584,1.0,4803.938365352378,1.0,6068.881498641597,1.0,2909.468708246838
185,500,2898.3481634214927,1.0,7107.303686926523,500,2898.3481634214927,1.0,4801.252884748197,1.0,6066.194336653754,1.0,2906.783038888015
184,500,2895.9263799771165,1.0,7104.564414624441,500,2895.9263799771165,1.0,4798.520496318732,1.0,6063.4597560020275,1.0,2904.0506026752596
183,500,2893.4664080947796,1.0,7101.776709251461,500,2893.4664080947796,1.0,4795.741073405147,1.0,6060.6775388534315,1.0,2901.271356165582
182,500,2890.9794038605182,1.0,7098.940266895995,500,2890.9794038605182,1.0,4792.914512819136,1.0,6057.847460870675,1.0,2898.4453007187135
181,500,2888.46491922296,1.0,7096.054775347366,500,2888.46491922296,1.0,4790.040702470052,1.0,6054.96929063095,1.0,2895.5724693193874
180,500,2885.9224961817085,1.0,7093.119913911066,500,2885.9224961817085,1.0,4787.11958611657,1.0,6052.042789098538,1.0,2892.6529293492385
179,500,2883.3516665403217,1.0,7090.135353215933,500,2883.3516665403217,1.0,4784.151057299749,1.0,6049.0677091536945,1.0,2889.686806120999
178,500,2880.7519514956557,1.0,7087.100755013386,500,2880.7519514956557,1.0,4781.135005956783,1.0,6046.0437951772465,1.0,2886.6745644965554
177,500,2878.1228612637005,1.0,7084.0157719691115,500,2878.1228612637005,1.0,4778.071395954151,1.0,6042.970782688244,1.0,2883.618686243316
176,500,2875.463895635159,1.0,7080.880047447519,500,2875.463895635159,1.0,4774.960147162083,1.0,6039.848398029738,1.0,2880.5299700791766
175,500,2872.774543309901,1.0,7077.693215289313,500,2872.774543309901,1.0,4771.801172822149,1.0,6036.676358098475,1.0,2877.190015525866
174,500,2870.054276306115,1.0,7074.4548995825835,500,2870.054276306115,1.0,4768.594500898468,1.0,6033.454370111825,1.0,2874.332016215881
173,500,2867.3025570347368,1.0,7071.1647144277185,500,2867.3025570347368,1.0,4765.339987374443,1.0,6030.182131406769,1.0,2871.457580256066
172,500,2864.5188653784244,1.0,7067.822263696591,500,2864.5188653784244,1.0,4762.037543081725,1.0,6026.859329265174,1.0,2868.566127736368
171,500,2861.702622303727,1.0,7064.4271407862925,500,2861.702622303727,1.0,4758.687224980361,1.0,6023.485640760235,1.0,2865.658088654055
170,500,2858.8530802130435,1.0,7060.978928367724,500,2858.8530802130435,1.0,4755.288976910021,1.0,6020.060732619171,1.0,2862.7325756180867
169,500,2855.969941740215,1.0,7057.477198129355,500,2855.969941740215,1.0,4751.842637008363,1.0,6016.584261097985,1.0,2859.7902036054757
168,500,2853.0534970795024,1.0,7053.92151051636,500,2853.0534970795024,1.0,4748.348193187382,1.0,6013.05587186438,1.0,2856.8302118402185
167,500,2850.100250634109,1.0,7050.311414465263,500,2850.100250634109,1.0,4744.805694627551,1.0,6009.475199885536,1.0,2853.8528032641007
166,500,2847.106238658062,1.0,7046.646447134217,500,2847.106238658062,1.0,4741.214902336016,1.0,6005.841869317849,1.0,2850.857311466321
165,500,2844.0941904652914,1.0,7042.926133629065,500,2844.0941904652914,1.0,4737.575831988746,1.0,6002.15549339613,1.0,2847.843756564807
164,500,2841.063887434989,1.0,7039.149986724965,500,2841.063887434989,1.0,4733.888383754942,1.0,5998.415674320137,1.0,2844.8119196126336
163,500,2838.015106947184,1.0,7035.317506583711,500,2838.015106947184,1.0,4730.152566136281,1.0,5994.622003136673,1.0,2841.7615776577454
162,500,2834.947622284608,1.0,7031.428180466452,500,2834.947622284608,1.0,4726.368269697136,1.0,5990.774059615647,1.0,2838.692503644676
161,500,2831.861202531522,1.0,7027.481482441695,500,2831.861202531522,1.0,4722.535290709961,1.0,5986.871412118894,1.0,2835.6044663132293
160,500,2828.755612469411,1.0,7023.476873088265,500,2828.755612469411,1.0,4718.653602399477,1.0,5982.91361746061,1.0,2832.4972300940112
159,500,2825.6306124694115,1.0,7019.413799192916,500,2825.6306124694115,1.0,4714.723123064888,1.0,5978.900220758269,1.0,2829.370555000701
158,500,2822.4859583813623,1.0,7015.291693442263,500,2822.4859583813623,1.0,4710.743537542846,1.0,5974.830755274644,1.0,2826.2241965189373
157,500,2819.3214014193377,1.0,7011.109974108488,500,2819.3214014193377,1.0,4706.715216278614,1.0,5970.704742246091,1.0,2823.057905491678
156,500,2816.136688043542,1.0,7006.868044728487,500,2816.136688043542,1.0,4702.63760985018,1.0,5966.521690703354,1.0,2819.871428000921
155,500,2812.9315598384146,1.0,7002.565293775824,500,2812.9315598384146,1.0,4698.510758519304,1.0,5962.281097278013,1.0,2816.664505245623
154,500,2809.7057533868024,1.0,6998.201094325014,500,2809.7057533868024,1.0,4694.3340589002055,1.0,5957.982445997326,1.0,2813.4368734156897
153,500,2806.4590001400497,1.0,6993.774803707509,500,2806.4590001400497,1.0,4690.107998375572,1.0,5953.625208066339,1.0,2810.1882635618695
152,500,2803.1910262838414,1.0,6989.285763158769,500,2803.1910262838414,1.0,4685.831688024163,1.0,5949.208841636966,1.0,2806.9184014613934
151,500,2799.901552599632,1.0,6984.733297455787,500,2799.901552599632,1.0,4681.505345969481,1.0,5944.732791563597,1.0,2803.627007479205
150,500,2796.5902943214874,1.0,6980.116714544383,500,2796.5902943214874,1.0,4677.128656346785,1.0,5940.196489144969,1.0,2800.3137964245816
149,500,2793.2569609881543,1.0,6975.435305155555,500,2793.2569609881543,1.0,4672.70128528093,1.0,5935.599351851897,1.0,2796.978477402988
148,500,2789.9012562901685,1.0,6970.688342410197,500,2789.9012562901685,1.0,4668.223364677912,1.0,5930.940783040575,1.0,2793.62075366295
147,500,2786.522877911791,1.0,6965.875081411433,500,2786.522877911791,1.0,4663.694437025524,1.0,5926.220171651072,1.0,2790.2403224377604
146,500,2783.1215173675737,1.0,6960.994758823748,500,2783.1215173675737,1.0,4659.11378316994,1.0,5921.436891890633,1.0,2786.836874781803
145,500,2779.696859833328,1.0,6956.04659243825,500,2779.696859833328,1.0,4654.481667838462,1.0,5916.590302901501,1.0,2783.4100954012624
144,500,2776.24858397126,1.0,6951.029780723136,500,2776.24858397126,1.0,4649.797579377812,1.0,5911.679748412737,1.0,2779.959662479001
143,500,2772.7763617490386,1.0,6945.94350235862,500,2772.7763617490386,1.0,4645.060972835206,1.0,5906.704556375732,1.0,2776.4852474933587
142,500,2769.279858252536,1.0,6940.786915755421,500,2769.279858252536,1.0,4640.271817442482,1.0,5901.664038582895,1.0,2772.986515030613
141,500,2765.7587314919733,1.0,6935.5591585559605,500,2765.7587314919733,1.0,4635.429686648356,1.0,5896.557490269069,1.0,2769.463122590836
140,500,2762.212632201194,1.0,6930.259347117386,500,2762.212632201194,1.0,4630.534071053083,1.0,5891.384189695171,1.0,2765.9147203868683
139,500,2758.641203629766,1.0,6924.886575975458,500,2758.641203629766,1.0,4625.584462943219,1.0,5886.143397712977,1.0,2762.3409511361087
138,500,2755.044081327608,1.0,6919.439917288352,500,2755.044081327608,1.0,4620.580442799641,1.0,5880.834357314635,1.0,2758.741449844823
137,500,2751.4208929218116,1.0,6913.918420259415,500,2751.4208929218116,1.0,4615.5218311631115,1.0,5875.456293152588,1.0,2755.1158435846287
136,500,2747.771257885316,1.0,6908.321110537808,500,2747.771257885316,1.0,4610.408123072521,1.0,5870.008411052877,1.0,2751.463751260831
135,500,2744.0947872970814,1.0,6902.646989595964,500,2744.0947872970814,1.0,4605.239164334516,1.0,5864.489897498634,1.0,2747.784783372232
134,500,2740.3910835933784,1.0,6896.895034082855,500,2740.3910835933784,1.0,4600.013022360921,1.0,5858.899919094256,1.0,2744.0785417620527
133,500,2736.659740309797,1.0,6891.064195151736,500,2736.659740309797,1.0,4594.730287775686,1.0,5853.237622007203,1.0,2740.344619359556
132,500,2732.900341813557,1.0,6885.1533977613335,500,2732.900341813557,1.0,4589.3904341041425,1.0,5847.5021313865045,1.0,2736.582599911959
131,500,2729.112463025679,1.0,6879.1615399491475,500,2729.112463025679,1.0,4583.992864671134,1.0,5841.69255075707,1.0,2732.792057706187
130,500,2725.2956691325503,1.0,6873.087492075521,500,2725.2956691325503,1.0,4578.536848324069,1.0,5835.807961388926,1.0,2728.9725572800107
129,500,2721.4495152863974,1.0,6866.930096037196,500,2721.4495152863974,1.0,4573.022094822817,1.0,5829.847421640244,1.0,2725.123653122075
128,500,2717.5735462941498,1.0,6860.688164448831,500,2717.5735462941498,1.0,4567.447740418593,1.0,5823.809966273199,1.0,2721.2448893602923
127,500,2713.6672962941507,1.0,6854.360479791026,500,2713.6672962941507,1.0,4561.813129315562,1.0,5817.694605741415,1.0,2717.3357994380744
126,500,2709.730288420136,1.0,6847.945793523193,500,2709.730288420136,1.0,4556.117731465287,1.0,5811.500325447832,1.0,2713.3959057778125
125,500,2705.7620344518823,1.0,6841.442825159709,500,2705.7620344518823,1.0,4550.360143678789,1.0,5805.226084971683,1.0,2709.4247194309996
124,500,2701.762034451883,1.0,6834.850261307488,500,2701.762034451883,1.0,4544.540146422447,1.0,5798.870817263208,1.0,2705.421739714368
123,500,2697.729776387368,1.0,6828.166754663175,500,2697.729776387368,1.0,4538.656603406674,1.0,5792.43342780463,1.0,2701.3864538313424
122,500,2693.664735736962,1.0,6821.390922968,500,2693.664735736962,1.0,4532.710845829803,1.0,5785.91279373589,1.0,2697.3183364781157
121,500,2689.5663750812255,1.0,6814.521347918212,500,2689.5663750812255,1.0,4526.700400950019,1.0,5779.30776294344,1.0,2693.216849433572
120,500,2685.434143676268,1.0,6807.556574028924,500,2685.434143676268,1.0,4520.6244487715185,1.0,5772.617153110387,1.0,2689.0814411322726
119,500,2681.2674770096023,1.0,6800.49510744906,500,2681.2674770096023,1.0,4514.48214035606,1.0,5765.839750726122,1.0,2684.9115462196405
118,500,2677.065796337334,1.0,6793.335414724968,500,2677.065796337334,1.0,4508.2726006034845,1.0,5758.974310053479,1.0,2680.706585088464
117,500,2672.828508201742,1.0,6786.075921510121,500,2672.828508201742,1.0,4501.994804810906,1.0,5752.019552051327,1.0,2676.465963395754
116,500,2668.5550039282384,1.0,6778.715011218166,500,2668.5550039282384,1.0,4495.648469746845,1.0,5744.974163250379,1.0,2672.1890715589575
115,500,2664.2446591006533,1.0,6771.251023616428,500,2664.2446591006533,1.0,4489.23186890292,1.0,5737.836794579832,1.0,2667.8752842304566
114,500,2659.8968330136977,1.0,6763.682253356784,500,2659.8968330136977,1.0,4482.743996730744,1.0,5730.606060142428,1.0,2663.523959749217
113,500,2655.510868101418,1.0,6756.006948440679,500,2655.510868101418,1.0,4476.183808450182,1.0,5723.280535935136,1.0,2659.134439568386
112,500,2651.086089340357,1.0,6748.223308614776,500,2651.086089340357,1.0,4469.550272753171,1.0,5715.858758512783,1.0,2654.706047657567
111,500,2646.621803626072,1.0,6740.3294836936075,500,2646.621803626072,1.0,4462.841758459288,1.0,5708.33922359076,1.0,2650.2380898784086
110,500,2642.1172991215685,1.0,6732.323571805267,500,2642.1172991215685,1.0,4456.060018093678,1.0,5700.7203845906115,1.0,2645.72985333206
109,500,2637.571844576115,1.0,6724.203617556039,500,2637.571844576115,1.0,4449.20135184817,1.0,5693.000651099949,1.0,2641.180605676976
108,500,2632.984688612813,1.0,6715.967610109494,500,2632.984688612813,1.0,4442.264872553627,1.0,5685.178387288461,1.0,2636.589594415422
107,500,2628.3550589831843,1.0,6707.613481175373,500,2628.3550589831843,1.0,4435.25007090009,1.0,5677.2519102319475,1.0,2631.9560461469487
106,500,2623.682161786923,1.0,6699.139102903192,500,2623.682161786923,1.0,4428.154700726748,1.0,5669.219488162551,1.0,2627.2791657869825
105,500,2618.965180654849,1.0,6690.542285675276,500,2618.965180654849,1.0,4420.977766853438,1.0,5661.079338636178,1.0,2622.558135748555
104,500,2614.2032758929454,1.0,6681.820775793448,500,2614.2032758929454,1.0,4413.718817649674,1.0,5652.829626612389,1.0,2617.7921150850702
103,500,2609.3955835852544,1.0,6672.972253053307,500,2609.3955835852544,1.0,4406.375703640789,1.0,5644.468462441778,1.0,2612.9802385918597
102,500,2604.5412146532167,1.0,6663.994328199599,500,2604.5412146532167,1.0,4398.9471141369295,1.0,5635.9938997554445,1.0,2608.1216158641155
101,500,2599.639253868904,1.0,6654.884540255682,500,2599.639253868904,1.0,4391.430582413232,1.0,5627.4039332508155,1.0,2603.215330308654
100,500,2594.6887588194,1.0,6645.640353719668,500,2594.6887588194,1.0,4383.825415783092,1.0,5618.696496367731,1.0,2598.2604381067536
99,500,2589.688758819401,1.0,6636.259155619281,500,2589.688758819401,1.0,4376.130251673118,1.0,5609.869458848175,1.0,2593.255967125129
98,500,2584.638253768897,1.0,6626.738252416883,500,2584.638253768897,1.0,4368.341806063452,1.0,5600.920624172635,1.0,2588.2009157719112
97,500,2579.536212952571,1.0,6617.074866755543,500,2579.536212952571,1.0,4360.461838013487,1.0,5591.8477268656,1.0,2583.094251794256
96,500,2574.3815737773148,1.0,6607.266134036367,500,2574.3815737773148,1.0,4352.485146810847,1.0,5582.648429662045,1.0,2577.934911013972
95,500,2569.1732404439826,1.0,6597.309098816506,500,2569.1732404439826,1.0,4344.411671239261,1.0,5573.320320526278,1.0,2572.7217959973004
94,500,2563.910082549247,1.0,6587.200711016661,500,2563.910082549247,1.0,4336.239453490329,1.0,5563.860909513837,1.0,2567.453774654679
93,500,2558.590933613078,1.0,6576.937821925861,500,2558.590933613078,1.0,4327.966521976471,1.0,5554.267625466388,1.0,2562.1296787660276
92,500,2553.2145895270573,1.0,6566.517179990496,500,2553.2145895270573,1.0,4319.590827197247,1.0,5544.537812528927,1.0,2556.7483024267485
91,500,2547.7798069183623,1.0,6555.9354263735795,500,2547.7798069183623,1.0,4311.110236771592,1.0,5534.668726477655,1.0,2551.3084004092666
90,500,2542.285301423858,1.0,6545.189090269127,500,2542.285301423858,1.0,4302.5225199465285,1.0,5524.657530846065,1.0,2545.808686434549
89,500,2536.729745868304,1.0,6534.2745839553045,500,2536.729745868304,1.0,4293.825662358291,1.0,5514.501292835821,1.0,2540.2478313475945
88,500,2531.111768340215,1.0,6523.188197568834,500,2531.111768340215,1.0,4285.014590961506,1.0,5504.196978997892,1.0,2534.6244611904244
87,500,2525.429950158398,1.0,6511.926093581617,500,2525.429950158398,1.0,4276.09023365759,1.0,5493.741450668299,1.0,2528.9371551655854
86,500,2519.6828237216173,1.0,6500.4843009591095,500,2519.6828237216173,1.0,4267.051850190065,1.0,5483.1314591415785,1.0,2523.1844434826053
85,500,2513.8688702332465,1.0,6488.8587089782495,500,2513.8688702332465,1.0,4257.891082376492,1.0,5472.363640563605,1.0,2517.3648050792535
84,500,2507.9865172920713,1.0,6477.045060680951,500,2507.9865172920713,1.0,4248.610059373137,1.0,5461.4345105240645,1.0,2511.4766652087487
83,500,2502.0341363396915,1.0,6465.038945937117,500,2502.0341363396915,1.0,4239.204769838877,1.0,5450.340458327021,1.0,2505.518392883354
82,500,2496.01003995415,1.0,6452.835794089051,500,2496.01003995415,1.0,4229.672312983511,1.0,5439.077740916414,1.0,2499.4882981639676
81,500,2489.912478978542,1.0,6440.430866146566,500,2489.912478978542,1.0,4220.00974512694,1.0,5427.642476431132,1.0,2493.3846292844496
80,500,2483.73963947237,1.0,6427.819246499589,500,2483.73963947237,1.0,4210.21400950478,1.0,5416.030637362325,1.0,2487.2055695984304
79,500,2477.4896394723714,1.0,6414.995834112122,500,2477.4896394723714,1.0,4200.281930795903,1.0,5404.238043283062,1.0,2480.949234335302
78,500,2471.1605255483223,1.0,6401.955333158088,500,2471.1605255483223,1.0,4190.210209304195,1.0,5392.260353117874,1.0,2474.6136671508907
77,500,2464.750269138067,1.0,6388.6922430562945,500,2464.750269138067,1.0,4179.99541476771,1.0,5380.093056916785,1.0,2468.1968364570134
76,500,2458.2567626445616,1.0,6375.200847857606,500,2458.2567626445616,1.0,4169.633979766707,1.0,5367.731467095282,1.0,2461.696631512702
75,500,2451.6778152761417,1.0,6361.475204933244,500,2451.6778152761417,1.0,4159.12219269895,1.0,5355.17070909708,1.0,2455.110858258267
74,500,2445.011148609476,1.0,6347.509132908325,500,2445.011148609476,1.0,4148.45619028449,1.0,5342.405711445977,1.0,2448.4372348716292
73,500,2438.2543918527203,1.0,6333.296198779469,500,2438.2543918527203,1.0,4137.631949211442,1.0,5329.431195085566,1.0,2441.6733870244093
72,500,2431.4050767842286,1.0,6318.829704149422,500,2431.4050767842286,1.0,4126.645290075066,1.0,5316.241662048504,1.0,2434.8168428130907
71,500,2424.4606323397857,1.0,6304.102670505114,500,2424.4606323397857,1.0,4115.491729960857,1.0,5302.8313832976655,1.0,2427.8650273381754
70,500,2417.41837881866,1.0,6289.107823458408,500,2417.41837881866,1.0,4104.16656131971,1.0,5289.194385722029,1.0,2420.815256901597
69,500,2410.275521675804,1.0,6273.837575860554,500,2410.275521675804,1.0,4092.6654265855254,1.0,5275.3244382037155,1.0,2413.6647327896544
68,500,2403.029144864211,1.0,6258.2840096924665,500,2403.029144864211,1.0,4080.978585147847,1.0,5261.215036675424,1.0,2406.4105346054457
67,500,2395.6762036877417,1.0,6242.438856622872,500,2395.6762036877417,1.0,4069.105076500278,1.0,5246.859388079191,1.0,2399.0496131110276
66,500,2388.213517120579,1.0,6226.293477114966,500,2388.213517120579,1.0,4057.039469797672,1.0,5232.250393128022,1.0,2391.5787825354128
65,500,2380.6377595448234,1.0,6209.838837949707,500,2380.6377595448234,1.0,4044.7756404174092,1.0,5217.380627761627,1.0,2383.9947122998447
64,500,2372.945451852517,1.0,6193.0654880196025,500,2372.945451852517,1.0,4032.313106940098,1.0,5202.242323175702,1.0,2376.2939181065453
63,500,2365.132951852519,1.0,6175.963532230811,500,2365.132951852519,1.0,4019.6407824608973,1.0,5186.827344290972,1.0,2368.4727523312795
62,500,2357.1964439160124,1.0,6158.522603333496,500,2357.1964439160124,1.0,4006.752148577969,1.0,5171.127166513484,1.0,2360.5273936534186
61,500,2349.131927786982,1.0,6140.731831479863,500,2349.131927786982,1.0,3993.640369564689,1.0,5155.1328506207,1.0,2352.4538358497243
60,500,2340.9352064755085,1.0,6122.579811286502,500,2340.9352064755085,1.0,3980.298271523406,1.0,5138.835015589099,1.0,2344.2478756695855
59,500,2332.601873142177,1.0,6104.054566151378,500,2332.601873142177,1.0,3966.7183197877866,1.0,5122.223809157396,1.0,2335.9050996998603
58,500,2324.1272968709923,1.0,6085.143509546342,500,2324.1272968709923,1.0,3952.8925943947406,1.0,5105.288875895123,1.0,2327.4208701165685
57,500,2315.5066072158215,1.0,6065.833402972314,500,2315.5066072158215,1.0,3938.8127634261928,1.0,5088.019322518498,1.0,2318.7903092082834
56,500,2306.734677391262,1.0,6046.110310225819,500,2306.734677391262,1.0,3924.470053995586,1.0,5070.4036801637985,1.0,2310.0082825419245
55,500,2297.806105962692,1.0,6025.959547581726,500,2297.806105962692,1.0,3909.8552206261943,1.0,5052.429863292302,1.0,2301.0693806254953
54,500,2288.715196871785,1.0,6005.365629446623,500,2288.715196871785,1.0,3894.9585107359107,1.0,5034.085124859249,1.0,2291.9678989038007
53,500,2279.4559376125276,1.0,5984.3122089796925,500,2279.4559376125276,1.0,3879.7696269064377,1.0,5015.3560073317985,1.0,2282.6978159019113
52,500,2270.0219753483784,1.0,5962.782013111267,500,2270.0219753483784,1.0,3864.277685571722,1.0,4996.228289085989,1.0,2273.2527693066954
51,500,2260.4065907329955,1.0,5940.756771312741,500,2260.4065907329955,1.0,3848.4711717113755,1.0,4976.686925649527,1.0,2263.6260297484932
50,500,2250.6026691643697,1.0,5918.2171373826695,500,2250.6026691643697,1.0,3832.3378890784306,1.0,4956.7159851840415,1.0,2253.8104720123706
49,500,2240.6026691643715,1.0,5895.142603411039,500,2240.6026691643715,1.0,3815.8649054233206,1.0,4936.298577515502,1.0,2243.7985433704994
48,500,2230.3985875317208,1.0,5871.511404963929,500,2230.3985875317208,1.0,3799.0384920583297,1.0,4915.416775922815,1.0,2233.5822286831417
47,500,2219.981920865056,1.0,5847.300416391144,500,2219.981920865056,1.0,3781.844060771168,1.0,4894.0515307793285,1.0,2223.1530118643273
46,500,2209.343622992718,1.0,5822.485034995911,500,2209.343622992718,1.0,3764.265979654851,1.0,4872.182574007224,1.0,2212.5018332481286
45,500,2198.4740577753287,1.0,5797.039052613901,500,2198.4740577753287,1.0,3746.2888041864767,1.0,4849.788313146434,1.0,2201.6190423208423
44,500,2187.3629466642196,1.0,5770.934512922825,500,2187.3629466642196,1.0,3727.8936593588846,1.0,4826.845713653399,1.0,2190.4943452011826
43,500,2175.9993103005854,1.0,5744.141552536762,500,2175.9993103005854,1.0,3709.061613488411,1.0,4803.330167824579,1.0,2179.1167461523237
42,500,2164.371403323844,1.0,5716.628223622684,500,2164.371403323844,1.0,3689.77410184596,1.0,4779.215348478453,1.0,2167.4744822930093
41,500,2152.466641419084,1.0,5688.360295399464,500,2152.466641419084,1.0,3670.0093743595407,1.0,4754.473045218626,1.0,2155.554950536179
40,500,2140.271519467867,1.0,5659.3010314290195,500,2140.271519467867,1.0,3649.7483228646533,1.0,4729.072980728913,1.0,2143.344625617669
39,500,2127.7715194678694,1.0,5629.4109390684225,500,2127.7715194678694,1.0,3628.9495806446257,1.0,4702.982604105244,1.0,2130.8289678785045
38,500,2114.951006647359,1.0,5598.6474868001105,500,2114.951006647359,1.0,3607.601831634608,1.0,4676.166857691519,1.0,2117.992319224407
37,500,2101.793111910519,1.0,5566.96478436821,500,2101.793111910519,1.0,3585.676249984305,1.0,4648.587913235887,1.0,2104.8177853957554
36,500,2088.279598397008,1.0,5534.313219689684,500,2088.279598397008,1.0,3563.1424216458645,1.0,4620.204872392356,1.0,2091.287102328098
35,500,2074.3907095081217,1.0,5500.639045336032,500,2074.3907095081217,1.0,3539.9477907865626,1.0,4590.973425625249,1.0,2077.380483951612
34,500,2060.1049952224103,1.0,5465.8839059405245,500,2060.1049952224103,1.0,3516.0686165713123,1.0,4560.845462385633,1.0,2063.0764482476307
33,500,2045.399112869472,1.0,5429.984296106089,500,2045.399112869472,1.0,3491.4644130022325,1.0,4529.768623960593,1.0,2048.3516177252536
32,500,2030.2475977179595,1.0,5392.870936177598,500,2030.2475977179595,1.0,3466.091356802792,1.0,4497.6857885722675,1.0,2033.1804896671347
31,500,2014.6225977179627,1.0,5354.4680504781845,500,2014.6225977179627,1.0,3439.900721497724,1.0,4464.534476022677,1.0,2017.5351704761767
30,500,1998.4935654599012,1.0,5314.692529131588,500,1998.4935654599012,1.0,3412.862723847981,1.0,4430.246156342609,1.0,2001.3850671749178
29,500,1981.826898793238,1.0,5273.452950187852,500,1981.826898793238,1.0,3384.895417100428,1.0,4394.745443097146,1.0,1984.6965274881486
28,500,1964.5855194828966,1.0,5230.648433149543,500,1964.5855194828966,1.0,3355.9368781496732,1.0,4357.949147793812,1.0,1967.432417870813
27,500,1946.7283766257574,1.0,5186.167287770067,500,1946.7283766257574,1.0,3325.9211572870336,1.0,4319.76516529926,1.0,1949.5516261837404
26,500,1928.2098581072426,1.0,5139.885412629054,500,1928.2098581072426,1.0,3294.7659056580756,1.0,4280.091152888529,1.0,1931.008472272297
25,500,1908.979088876477,1.0,5091.664385741007,500,1908.979088876477,1.0,3262.383391482013,1.0,4238.812955265119,1.0,1911.7520051947758
24,500,1888.9790888764808,1.0,5041.349173285216,500,1888.9790888764808,1.0,3228.6775226521986,1.0,4195.8027145848555,1.0,1891.7251598964638
23,500,1868.1457555431516,1.0,4988.7653609873305,500,1868.1457555431516,1.0,3193.5385870772247,1.0,4150.916586734455,1.0,1870.863738190811
22,500,1846.4066251083734,1.0,4933.715783626849,500,1846.4066251083734,1.0,3156.841001561354,1.0,4103.991961148691,1.0,1849.0951682147595
21,500,1823.6793523811052,1.0,4875.976388523148,500,1823.6793523811052,1.0,3118.4446371442014,1.0,4054.8440487675457,1.0,1826.3369819421073
20,500,1799.869828571586,1.0,4815.291114136735,500,1799.869828571586,1.0,3078.1879267715053,1.0,4003.2616576019254,1.0,1802.4949302000523
19,500,1774.8698285715907,1.0,4751.365488320346,500,1774.8698285715907,1.0,3035.8855787053276,1.0,3949.001912190518,1.0,1777.460626439872
18,500,1748.5540390979113,1.0,4683.858541898753,500,1748.5540390979113,1.0,2991.3216818555106,1.0,3891.7835834397156,1.0,1751.1085704472562
17,500,1720.776261320139,1.0,4612.372476020231,500,1720.776261320139,1.0,2944.2452088104637,1.0,3831.2785656409483,1.0,1723.2923453055096
16,500,1691.3644966142624,1.0,4536.439290493224,500,1691.3644966142624,1.0,2894.3608429968604,1.0,3767.100846728085,1.0,1693.83969581852
15,500,1660.1144966142685,1.0,4455.50323347766,500,1660.1144966142685,1.0,2841.317908028625,1.0,3698.7920317398484,1.0,1662.546068940904
14,500,1626.7811632809419,1.0,4368.897401072791,500,1626.7811632809419,1.0,2784.6956069721336,1.0,3625.802040769338,1.0,1629.1660010182006
13,500,1591.0668775666632,1.0,4275.811979614388,500,1591.0668775666632,1.0,2723.9829931846707,1.0,3547.462913323636,1.0,1593.4014290414239
12,500,1552.6053391051323,1.0,4175.250273470209,500,1552.6053391051323,1.0,2658.550523473875,1.0,3462.952537436622,1.0,1554.885506230281
11,500,1510.9386724384735,1.0,4065.966411082932,500,1510.9386724384735,1.0,2587.6690498389244,1.0,3371.243265911646,1.0,1513.1596741094072
10,500,1465.4841269839371,1.0,3946.3747355773303,500,1465.4841269839371,1.0,2510.2642472129355,1.0,3271.027176310255,1.0,1467.640312801065
9,500,1415.484126983947,1.0,3814.4138906702824,500,1415.484126983947,1.0,2425.028373610241,1.0,3160.6039609347367,1.0,1417.5687164641956
8,500,1359.9285714284024,1.0,3667.335398752183,500,1359.9285714284024,1.0,2330.2172832560277,1.0,3037.70653346683,1.0,1361.9332773107203
7,500,1297.428571428415,1.0,3501.3601002683504,500,1297.428571428415,1.0,2223.4604099064013,1.0,2899.2176397549465,1.0,1299.3430346320322
6,500,1225.9999999998577,1.0,3311.089192657511,500,1225.9999999998577,1.0,2101.3517549492185,1.0,2740.68404773419,1.0,1227.8109017015477
5,500,1142.6666666665406,1.0,3088.424468404622,500,1142.6666666665406,1.0,1958.9159198932384,1.0,2555.4258956119684,1.0,1144.3562484293932
4,500,1042.6666666665603,1.0,2820.4087911450833,500,1042.6666666665603,1.0,1787.8220269128137,1.0,2332.7553882380316,1.0,1044.2100666717697
3,500,917.6666666665848,1.0,2484.3671668974844,500,917.6666666665848,1.0,1573.808429637703,1.0,2053.9688639361457,1.0,919.0265921770298
2,500,750.9999999999509,1.0,2034.9496006880895,500,750.9999999999509,1.0,1288.2628071272234,1.0,1681.6589729615016,1.0,752.1142964418772
1,500,501.0,1.0,1358.781546565009,500,501.0,1.0,859.6544872664169,1.0,1122.307873541095,1.0,501.74435820955506
