,#bit11,#bit10,#bit9,#bit8,#bit7,#bit6,#bit5,#bit4,#bit3,#bit2,#bit1,Expected Time,k-opt
Expected Time General,NaN,NaN,NaN,NaN,NaN,NaN,NaN,NaN,NaN,NaN,NaN,23.479788694332285,All
2047,1,1,1,1,1,1,1,1,1,1,1,0.0,0
2046,1,1,1,1,1,1,1,1,1,1,0,11.000000000000009,1
2045,1,1,1,1,1,1,1,1,1,0,1,11.000000000000009,1
2044,1,1,1,1,1,1,1,1,1,0,0,16.50000000000001,1
2043,1,1,1,1,1,1,1,1,0,1,1,11.000000000000009,1
2042,1,1,1,1,1,1,1,1,0,1,0,16.50000000000001,1
2041,1,1,1,1,1,1,1,1,0,0,1,16.50000000000001,1
2040,1,1,1,1,1,1,1,1,0,0,0,20.16666666666668,1
2039,1,1,1,1,1,1,1,0,1,1,1,11.000000000000009,1
2038,1,1,1,1,1,1,1,0,1,1,0,16.50000000000001,1
2037,1,1,1,1,1,1,1,0,1,0,1,16.50000000000001,1
2036,1,1,1,1,1,1,1,0,1,0,0,20.16666666666668,1
2035,1,1,1,1,1,1,1,0,0,1,1,16.50000000000001,1
2034,1,1,1,1,1,1,1,0,0,1,0,20.16666666666668,1
2033,1,1,1,1,1,1,1,0,0,0,1,20.16666666666668,1
2032,1,1,1,1,1,1,1,0,0,0,0,22.91666666666668,1
2031,1,1,1,1,1,1,0,1,1,1,1,11.000000000000009,1
2030,1,1,1,1,1,1,0,1,1,1,0,16.50000000000001,1
2029,1,1,1,1,1,1,0,1,1,0,1,16.50000000000001,1
2028,1,1,1,1,1,1,0,1,1,0,0,20.16666666666668,1
2027,1,1,1,1,1,1,0,1,0,1,1,16.50000000000001,1
2026,1,1,1,1,1,1,0,1,0,1,0,20.16666666666668,1
2025,1,1,1,1,1,1,0,1,0,0,1,20.16666666666668,1
2024,1,1,1,1,1,1,0,1,0,0,0,22.91666666666668,1
2023,1,1,1,1,1,1,0,0,1,1,1,16.50000000000001,1
2022,1,1,1,1,1,1,0,0,1,1,0,20.16666666666668,1
2021,1,1,1,1,1,1,0,0,1,0,1,20.16666666666668,1
2020,1,1,1,1,1,1,0,0,1,0,0,22.91666666666668,1
2019,1,1,1,1,1,1,0,0,0,1,1,20.16666666666668,1
2018,1,1,1,1,1,1,0,0,0,1,0,22.91666666666668,1
2017,1,1,1,1,1,1,0,0,0,0,1,22.91666666666668,1
2016,1,1,1,1,1,1,0,0,0,0,0,25.11666666666668,1
2015,1,1,1,1,1,0,1,1,1,1,1,11.000000000000009,1
2014,1,1,1,1,1,0,1,1,1,1,0,16.50000000000001,1
2013,1,1,1,1,1,0,1,1,1,0,1,16.50000000000001,1
2012,1,1,1,1,1,0,1,1,1,0,0,20.16666666666668,1
2011,1,1,1,1,1,0,1,1,0,1,1,16.50000000000001,1
2010,1,1,1,1,1,0,1,1,0,1,0,20.16666666666668,1
2009,1,1,1,1,1,0,1,1,0,0,1,20.16666666666668,1
2008,1,1,1,1,1,0,1,1,0,0,0,22.91666666666668,1
2007,1,1,1,1,1,0,1,0,1,1,1,16.50000000000001,1
2006,1,1,1,1,1,0,1,0,1,1,0,20.16666666666668,1
2005,1,1,1,1,1,0,1,0,1,0,1,20.16666666666668,1
2004,1,1,1,1,1,0,1,0,1,0,0,22.91666666666668,1
2003,1,1,1,1,1,0,1,0,0,1,1,20.16666666666668,1
2002,1,1,1,1,1,0,1,0,0,1,0,22.91666666666668,1
2001,1,1,1,1,1,0,1,0,0,0,1,22.91666666666668,1
2000,1,1,1,1,1,0,1,0,0,0,0,25.11666666666668,1
1999,1,1,1,1,1,0,0,1,1,1,1,16.50000000000001,1
1998,1,1,1,1,1,0,0,1,1,1,0,20.16666666666668,1
1997,1,1,1,1,1,0,0,1,1,0,1,20.16666666666668,1
1996,1,1,1,1,1,0,0,1,1,0,0,22.91666666666668,1
1995,1,1,1,1,1,0,0,1,0,1,1,20.16666666666668,1
1994,1,1,1,1,1,0,0,1,0,1,0,22.91666666666668,1
1993,1,1,1,1,1,0,0,1,0,0,1,22.91666666666668,1
1992,1,1,1,1,1,0,0,1,0,0,0,25.11666666666668,1
1991,1,1,1,1,1,0,0,0,1,1,1,20.16666666666668,1
1990,1,1,1,1,1,0,0,0,1,1,0,22.91666666666668,1
1989,1,1,1,1,1,0,0,0,1,0,1,22.91666666666668,1
1988,1,1,1,1,1,0,0,0,1,0,0,25.11666666666668,1
1987,1,1,1,1,1,0,0,0,0,1,1,22.91666666666668,1
1986,1,1,1,1,1,0,0,0,0,1,0,25.11666666666668,1
1985,1,1,1,1,1,0,0,0,0,0,1,25.11666666666668,1
1984,1,1,1,1,1,0,0,0,0,0,0,26.583333333333353,2
1983,1,1,1,1,0,1,1,1,1,1,1,11.000000000000009,1
1982,1,1,1,1,0,1,1,1,1,1,0,16.50000000000001,1
1981,1,1,1,1,0,1,1,1,1,0,1,16.50000000000001,1
1980,1,1,1,1,0,1,1,1,1,0,0,20.16666666666668,1
1979,1,1,1,1,0,1,1,1,0,1,1,16.50000000000001,1
1978,1,1,1,1,0,1,1,1,0,1,0,20.16666666666668,1
1977,1,1,1,1,0,1,1,1,0,0,1,20.16666666666668,1
1976,1,1,1,1,0,1,1,1,0,0,0,22.91666666666668,1
1975,1,1,1,1,0,1,1,0,1,1,1,16.50000000000001,1
1974,1,1,1,1,0,1,1,0,1,1,0,20.16666666666668,1
1973,1,1,1,1,0,1,1,0,1,0,1,20.16666666666668,1
1972,1,1,1,1,0,1,1,0,1,0,0,22.91666666666668,1
1971,1,1,1,1,0,1,1,0,0,1,1,20.16666666666668,1
1970,1,1,1,1,0,1,1,0,0,1,0,22.91666666666668,1
1969,1,1,1,1,0,1,1,0,0,0,1,22.91666666666668,1
1968,1,1,1,1,0,1,1,0,0,0,0,25.11666666666668,1
1967,1,1,1,1,0,1,0,1,1,1,1,16.50000000000001,1
1966,1,1,1,1,0,1,0,1,1,1,0,20.16666666666668,1
1965,1,1,1,1,0,1,0,1,1,0,1,20.16666666666668,1
1964,1,1,1,1,0,1,0,1,1,0,0,22.91666666666668,1
1963,1,1,1,1,0,1,0,1,0,1,1,20.16666666666668,1
1962,1,1,1,1,0,1,0,1,0,1,0,22.91666666666668,1
1961,1,1,1,1,0,1,0,1,0,0,1,22.91666666666668,1
1960,1,1,1,1,0,1,0,1,0,0,0,25.11666666666668,1
1959,1,1,1,1,0,1,0,0,1,1,1,20.16666666666668,1
1958,1,1,1,1,0,1,0,0,1,1,0,22.91666666666668,1
1957,1,1,1,1,0,1,0,0,1,0,1,22.91666666666668,1
1956,1,1,1,1,0,1,0,0,1,0,0,25.11666666666668,1
1955,1,1,1,1,0,1,0,0,0,1,1,22.91666666666668,1
1954,1,1,1,1,0,1,0,0,0,1,0,25.11666666666668,1
1953,1,1,1,1,0,1,0,0,0,0,1,25.11666666666668,1
1952,1,1,1,1,0,1,0,0,0,0,0,26.583333333333353,2
1951,1,1,1,1,0,0,1,1,1,1,1,16.50000000000001,1
1950,1,1,1,1,0,0,1,1,1,1,0,20.16666666666668,1
1949,1,1,1,1,0,0,1,1,1,0,1,20.16666666666668,1
1948,1,1,1,1,0,0,1,1,1,0,0,22.91666666666668,1
1947,1,1,1,1,0,0,1,1,0,1,1,20.16666666666668,1
1946,1,1,1,1,0,0,1,1,0,1,0,22.91666666666668,1
1945,1,1,1,1,0,0,1,1,0,0,1,22.91666666666668,1
1944,1,1,1,1,0,0,1,1,0,0,0,25.11666666666668,1
1943,1,1,1,1,0,0,1,0,1,1,1,20.16666666666668,1
1942,1,1,1,1,0,0,1,0,1,1,0,22.91666666666668,1
1941,1,1,1,1,0,0,1,0,1,0,1,22.91666666666668,1
1940,1,1,1,1,0,0,1,0,1,0,0,25.11666666666668,1
1939,1,1,1,1,0,0,1,0,0,1,1,22.91666666666668,1
1938,1,1,1,1,0,0,1,0,0,1,0,25.11666666666668,1
1937,1,1,1,1,0,0,1,0,0,0,1,25.11666666666668,1
1936,1,1,1,1,0,0,1,0,0,0,0,26.583333333333353,2
1935,1,1,1,1,0,0,0,1,1,1,1,20.16666666666668,1
1934,1,1,1,1,0,0,0,1,1,1,0,22.91666666666668,1
1933,1,1,1,1,0,0,0,1,1,0,1,22.91666666666668,1
1932,1,1,1,1,0,0,0,1,1,0,0,25.11666666666668,1
1931,1,1,1,1,0,0,0,1,0,1,1,22.91666666666668,1
1930,1,1,1,1,0,0,0,1,0,1,0,25.11666666666668,1
1929,1,1,1,1,0,0,0,1,0,0,1,25.11666666666668,1
1928,1,1,1,1,0,0,0,1,0,0,0,26.583333333333357,2
1927,1,1,1,1,0,0,0,0,1,1,1,22.91666666666668,1
1926,1,1,1,1,0,0,0,0,1,1,0,25.11666666666668,1
1925,1,1,1,1,0,0,0,0,1,0,1,25.11666666666668,1
1924,1,1,1,1,0,0,0,0,1,0,0,26.58333333333335,2
1923,1,1,1,1,0,0,0,0,0,1,1,25.11666666666668,1
1922,1,1,1,1,0,0,0,0,0,1,0,26.583333333333346,2
1921,1,1,1,1,0,0,0,0,0,0,1,26.583333333333346,2
1920,1,1,1,1,0,0,0,0,0,0,0,27.6309523809524,3
1919,1,1,1,0,1,1,1,1,1,1,1,11.000000000000009,1
1918,1,1,1,0,1,1,1,1,1,1,0,16.50000000000001,1
1917,1,1,1,0,1,1,1,1,1,0,1,16.50000000000001,1
1916,1,1,1,0,1,1,1,1,1,0,0,20.16666666666668,1
1915,1,1,1,0,1,1,1,1,0,1,1,16.50000000000001,1
1914,1,1,1,0,1,1,1,1,0,1,0,20.16666666666668,1
1913,1,1,1,0,1,1,1,1,0,0,1,20.16666666666668,1
1912,1,1,1,0,1,1,1,1,0,0,0,22.91666666666668,1
1911,1,1,1,0,1,1,1,0,1,1,1,16.50000000000001,1
1910,1,1,1,0,1,1,1,0,1,1,0,20.16666666666668,1
1909,1,1,1,0,1,1,1,0,1,0,1,20.16666666666668,1
1908,1,1,1,0,1,1,1,0,1,0,0,22.91666666666668,1
1907,1,1,1,0,1,1,1,0,0,1,1,20.16666666666668,1
1906,1,1,1,0,1,1,1,0,0,1,0,22.91666666666668,1
1905,1,1,1,0,1,1,1,0,0,0,1,22.91666666666668,1
1904,1,1,1,0,1,1,1,0,0,0,0,25.11666666666668,1
1903,1,1,1,0,1,1,0,1,1,1,1,16.50000000000001,1
1902,1,1,1,0,1,1,0,1,1,1,0,20.16666666666668,1
1901,1,1,1,0,1,1,0,1,1,0,1,20.16666666666668,1
1900,1,1,1,0,1,1,0,1,1,0,0,22.91666666666668,1
1899,1,1,1,0,1,1,0,1,0,1,1,20.16666666666668,1
1898,1,1,1,0,1,1,0,1,0,1,0,22.91666666666668,1
1897,1,1,1,0,1,1,0,1,0,0,1,22.91666666666668,1
1896,1,1,1,0,1,1,0,1,0,0,0,25.11666666666668,1
1895,1,1,1,0,1,1,0,0,1,1,1,20.16666666666668,1
1894,1,1,1,0,1,1,0,0,1,1,0,22.91666666666668,1
1893,1,1,1,0,1,1,0,0,1,0,1,22.91666666666668,1
1892,1,1,1,0,1,1,0,0,1,0,0,25.11666666666668,1
1891,1,1,1,0,1,1,0,0,0,1,1,22.91666666666668,1
1890,1,1,1,0,1,1,0,0,0,1,0,25.11666666666668,1
1889,1,1,1,0,1,1,0,0,0,0,1,25.11666666666668,1
1888,1,1,1,0,1,1,0,0,0,0,0,26.583333333333353,2
1887,1,1,1,0,1,0,1,1,1,1,1,16.50000000000001,1
1886,1,1,1,0,1,0,1,1,1,1,0,20.16666666666668,1
1885,1,1,1,0,1,0,1,1,1,0,1,20.16666666666668,1
1884,1,1,1,0,1,0,1,1,1,0,0,22.91666666666668,1
1883,1,1,1,0,1,0,1,1,0,1,1,20.16666666666668,1
1882,1,1,1,0,1,0,1,1,0,1,0,22.91666666666668,1
1881,1,1,1,0,1,0,1,1,0,0,1,22.91666666666668,1
1880,1,1,1,0,1,0,1,1,0,0,0,25.11666666666668,1
1879,1,1,1,0,1,0,1,0,1,1,1,20.16666666666668,1
1878,1,1,1,0,1,0,1,0,1,1,0,22.91666666666668,1
1877,1,1,1,0,1,0,1,0,1,0,1,22.91666666666668,1
1876,1,1,1,0,1,0,1,0,1,0,0,25.11666666666668,1
1875,1,1,1,0,1,0,1,0,0,1,1,22.91666666666668,1
1874,1,1,1,0,1,0,1,0,0,1,0,25.11666666666668,1
1873,1,1,1,0,1,0,1,0,0,0,1,25.11666666666668,1
1872,1,1,1,0,1,0,1,0,0,0,0,26.58333333333335,2
1871,1,1,1,0,1,0,0,1,1,1,1,20.16666666666668,1
1870,1,1,1,0,1,0,0,1,1,1,0,22.91666666666668,1
1869,1,1,1,0,1,0,0,1,1,0,1,22.91666666666668,1
1868,1,1,1,0,1,0,0,1,1,0,0,25.11666666666668,1
1867,1,1,1,0,1,0,0,1,0,1,1,22.91666666666668,1
1866,1,1,1,0,1,0,0,1,0,1,0,25.11666666666668,1
1865,1,1,1,0,1,0,0,1,0,0,1,25.11666666666668,1
1864,1,1,1,0,1,0,0,1,0,0,0,26.58333333333335,2
1863,1,1,1,0,1,0,0,0,1,1,1,22.91666666666668,1
1862,1,1,1,0,1,0,0,0,1,1,0,25.11666666666668,1
1861,1,1,1,0,1,0,0,0,1,0,1,25.11666666666668,1
1860,1,1,1,0,1,0,0,0,1,0,0,26.583333333333346,2
1859,1,1,1,0,1,0,0,0,0,1,1,25.11666666666668,1
1858,1,1,1,0,1,0,0,0,0,1,0,26.583333333333346,2
1857,1,1,1,0,1,0,0,0,0,0,1,26.583333333333343,2
1856,1,1,1,0,1,0,0,0,0,0,0,27.477642276422774,3
1855,1,1,1,0,0,1,1,1,1,1,1,16.50000000000001,1
1854,1,1,1,0,0,1,1,1,1,1,0,20.16666666666668,1
1853,1,1,1,0,0,1,1,1,1,0,1,20.16666666666668,1
1852,1,1,1,0,0,1,1,1,1,0,0,22.91666666666668,1
1851,1,1,1,0,0,1,1,1,0,1,1,20.16666666666668,1
1850,1,1,1,0,0,1,1,1,0,1,0,22.91666666666668,1
1849,1,1,1,0,0,1,1,1,0,0,1,22.91666666666668,1
1848,1,1,1,0,0,1,1,1,0,0,0,25.11666666666668,1
1847,1,1,1,0,0,1,1,0,1,1,1,20.16666666666668,1
1846,1,1,1,0,0,1,1,0,1,1,0,22.91666666666668,1
1845,1,1,1,0,0,1,1,0,1,0,1,22.91666666666668,1
1844,1,1,1,0,0,1,1,0,1,0,0,25.11666666666668,1
1843,1,1,1,0,0,1,1,0,0,1,1,22.91666666666668,1
1842,1,1,1,0,0,1,1,0,0,1,0,25.11666666666668,1
1841,1,1,1,0,0,1,1,0,0,0,1,25.11666666666668,1
1840,1,1,1,0,0,1,1,0,0,0,0,26.58333333333335,2
1839,1,1,1,0,0,1,0,1,1,1,1,20.16666666666668,1
1838,1,1,1,0,0,1,0,1,1,1,0,22.91666666666668,1
1837,1,1,1,0,0,1,0,1,1,0,1,22.91666666666668,1
1836,1,1,1,0,0,1,0,1,1,0,0,25.11666666666668,1
1835,1,1,1,0,0,1,0,1,0,1,1,22.91666666666668,1
1834,1,1,1,0,0,1,0,1,0,1,0,25.11666666666668,1
1833,1,1,1,0,0,1,0,1,0,0,1,25.11666666666668,1
1832,1,1,1,0,0,1,0,1,0,0,0,26.583333333333346,2
1831,1,1,1,0,0,1,0,0,1,1,1,22.91666666666668,1
1830,1,1,1,0,0,1,0,0,1,1,0,25.11666666666668,1
1829,1,1,1,0,0,1,0,0,1,0,1,25.11666666666668,1
1828,1,1,1,0,0,1,0,0,1,0,0,26.583333333333346,2
1827,1,1,1,0,0,1,0,0,0,1,1,25.11666666666668,1
1826,1,1,1,0,0,1,0,0,0,1,0,26.583333333333343,2
1825,1,1,1,0,0,1,0,0,0,0,1,26.58333333333334,2
1824,1,1,1,0,0,1,0,0,0,0,0,27.380434782608713,3
1823,1,1,1,0,0,0,1,1,1,1,1,20.16666666666668,1
1822,1,1,1,0,0,0,1,1,1,1,0,22.91666666666668,1
1821,1,1,1,0,0,0,1,1,1,0,1,22.91666666666668,1
1820,1,1,1,0,0,0,1,1,1,0,0,25.11666666666668,1
1819,1,1,1,0,0,0,1,1,0,1,1,22.91666666666668,1
1818,1,1,1,0,0,0,1,1,0,1,0,25.11666666666668,1
1817,1,1,1,0,0,0,1,1,0,0,1,25.11666666666668,1
1816,1,1,1,0,0,0,1,1,0,0,0,26.583333333333346,2
1815,1,1,1,0,0,0,1,0,1,1,1,22.91666666666668,1
1814,1,1,1,0,0,0,1,0,1,1,0,25.11666666666668,1
1813,1,1,1,0,0,0,1,0,1,0,1,25.11666666666668,1
1812,1,1,1,0,0,0,1,0,1,0,0,26.583333333333343,2
1811,1,1,1,0,0,0,1,0,0,1,1,25.11666666666668,1
1810,1,1,1,0,0,0,1,0,0,1,0,26.57944725546636,3
1809,1,1,1,0,0,0,1,0,0,0,1,26.57944725546636,3
1808,1,1,1,0,0,0,1,0,0,0,0,27.316666666666688,3
1807,1,1,1,0,0,0,0,1,1,1,1,22.91666666666668,1
1806,1,1,1,0,0,0,0,1,1,1,0,25.11666666666668,1
1805,1,1,1,0,0,0,0,1,1,0,1,25.11666666666668,1
1804,1,1,1,0,0,0,0,1,1,0,0,26.565494155897145,3
1803,1,1,1,0,0,0,0,1,0,1,1,25.11666666666668,1
1802,1,1,1,0,0,0,0,1,0,1,0,26.538157788175816,3
1801,1,1,1,0,0,0,0,1,0,0,1,26.538157788175816,3
1800,1,1,1,0,0,0,0,1,0,0,0,27.27501058825661,3
1799,1,1,1,0,0,0,0,0,1,1,1,25.11666666666668,1
1798,1,1,1,0,0,0,0,0,1,1,0,26.5257098186953,3
1797,1,1,1,0,0,0,0,0,1,0,1,26.5257098186953,3
1796,1,1,1,0,0,0,0,0,1,0,0,27.24821594098095,3
1795,1,1,1,0,0,0,0,0,0,1,1,26.538611713736113,3
1794,1,1,1,0,0,0,0,0,0,1,0,27.235871589611353,3
1793,1,1,1,0,0,0,0,0,0,0,1,27.235871589611353,3
1792,1,1,1,0,0,0,0,0,0,0,0,27.63095238095241,4
1791,1,1,0,1,1,1,1,1,1,1,1,11.000000000000009,1
1790,1,1,0,1,1,1,1,1,1,1,0,16.50000000000001,1
1789,1,1,0,1,1,1,1,1,1,0,1,16.50000000000001,1
1788,1,1,0,1,1,1,1,1,1,0,0,20.16666666666668,1
1787,1,1,0,1,1,1,1,1,0,1,1,16.50000000000001,1
1786,1,1,0,1,1,1,1,1,0,1,0,20.16666666666668,1
1785,1,1,0,1,1,1,1,1,0,0,1,20.16666666666668,1
1784,1,1,0,1,1,1,1,1,0,0,0,22.91666666666668,1
1783,1,1,0,1,1,1,1,0,1,1,1,16.50000000000001,1
1782,1,1,0,1,1,1,1,0,1,1,0,20.16666666666668,1
1781,1,1,0,1,1,1,1,0,1,0,1,20.16666666666668,1
1780,1,1,0,1,1,1,1,0,1,0,0,22.91666666666668,1
1779,1,1,0,1,1,1,1,0,0,1,1,20.16666666666668,1
1778,1,1,0,1,1,1,1,0,0,1,0,22.91666666666668,1
1777,1,1,0,1,1,1,1,0,0,0,1,22.91666666666668,1
1776,1,1,0,1,1,1,1,0,0,0,0,25.11666666666668,1
1775,1,1,0,1,1,1,0,1,1,1,1,16.50000000000001,1
1774,1,1,0,1,1,1,0,1,1,1,0,20.16666666666668,1
1773,1,1,0,1,1,1,0,1,1,0,1,20.16666666666668,1
1772,1,1,0,1,1,1,0,1,1,0,0,22.91666666666668,1
1771,1,1,0,1,1,1,0,1,0,1,1,20.16666666666668,1
1770,1,1,0,1,1,1,0,1,0,1,0,22.91666666666668,1
1769,1,1,0,1,1,1,0,1,0,0,1,22.91666666666668,1
1768,1,1,0,1,1,1,0,1,0,0,0,25.11666666666668,1
1767,1,1,0,1,1,1,0,0,1,1,1,20.16666666666668,1
1766,1,1,0,1,1,1,0,0,1,1,0,22.91666666666668,1
1765,1,1,0,1,1,1,0,0,1,0,1,22.91666666666668,1
1764,1,1,0,1,1,1,0,0,1,0,0,25.11666666666668,1
1763,1,1,0,1,1,1,0,0,0,1,1,22.91666666666668,1
1762,1,1,0,1,1,1,0,0,0,1,0,25.11666666666668,1
1761,1,1,0,1,1,1,0,0,0,0,1,25.11666666666668,1
1760,1,1,0,1,1,1,0,0,0,0,0,26.58333333333335,2
1759,1,1,0,1,1,0,1,1,1,1,1,16.50000000000001,1
1758,1,1,0,1,1,0,1,1,1,1,0,20.16666666666668,1
1757,1,1,0,1,1,0,1,1,1,0,1,20.16666666666668,1
1756,1,1,0,1,1,0,1,1,1,0,0,22.91666666666668,1
1755,1,1,0,1,1,0,1,1,0,1,1,20.16666666666668,1
1754,1,1,0,1,1,0,1,1,0,1,0,22.91666666666668,1
1753,1,1,0,1,1,0,1,1,0,0,1,22.91666666666668,1
1752,1,1,0,1,1,0,1,1,0,0,0,25.11666666666668,1
1751,1,1,0,1,1,0,1,0,1,1,1,20.16666666666668,1
1750,1,1,0,1,1,0,1,0,1,1,0,22.91666666666668,1
1749,1,1,0,1,1,0,1,0,1,0,1,22.91666666666668,1
1748,1,1,0,1,1,0,1,0,1,0,0,25.11666666666668,1
1747,1,1,0,1,1,0,1,0,0,1,1,22.91666666666668,1
1746,1,1,0,1,1,0,1,0,0,1,0,25.11666666666668,1
1745,1,1,0,1,1,0,1,0,0,0,1,25.11666666666668,1
1744,1,1,0,1,1,0,1,0,0,0,0,26.583333333333346,2
1743,1,1,0,1,1,0,0,1,1,1,1,20.16666666666668,1
1742,1,1,0,1,1,0,0,1,1,1,0,22.91666666666668,1
1741,1,1,0,1,1,0,0,1,1,0,1,22.91666666666668,1
1740,1,1,0,1,1,0,0,1,1,0,0,25.11666666666668,1
1739,1,1,0,1,1,0,0,1,0,1,1,22.91666666666668,1
1738,1,1,0,1,1,0,0,1,0,1,0,25.11666666666668,1
1737,1,1,0,1,1,0,0,1,0,0,1,25.11666666666668,1
1736,1,1,0,1,1,0,0,1,0,0,0,26.583333333333346,2
1735,1,1,0,1,1,0,0,0,1,1,1,22.91666666666668,1
1734,1,1,0,1,1,0,0,0,1,1,0,25.11666666666668,1
1733,1,1,0,1,1,0,0,0,1,0,1,25.11666666666668,1
1732,1,1,0,1,1,0,0,0,1,0,0,26.583333333333346,2
1731,1,1,0,1,1,0,0,0,0,1,1,25.11666666666668,1
1730,1,1,0,1,1,0,0,0,0,1,0,26.583333333333343,2
1729,1,1,0,1,1,0,0,0,0,0,1,26.58333333333334,2
1728,1,1,0,1,1,0,0,0,0,0,0,27.36904761904764,3
1727,1,1,0,1,0,1,1,1,1,1,1,16.50000000000001,1
1726,1,1,0,1,0,1,1,1,1,1,0,20.16666666666668,1
1725,1,1,0,1,0,1,1,1,1,0,1,20.16666666666668,1
1724,1,1,0,1,0,1,1,1,1,0,0,22.91666666666668,1
1723,1,1,0,1,0,1,1,1,0,1,1,20.16666666666668,1
1722,1,1,0,1,0,1,1,1,0,1,0,22.91666666666668,1
1721,1,1,0,1,0,1,1,1,0,0,1,22.91666666666668,1
1720,1,1,0,1,0,1,1,1,0,0,0,25.11666666666668,1
1719,1,1,0,1,0,1,1,0,1,1,1,20.16666666666668,1
1718,1,1,0,1,0,1,1,0,1,1,0,22.91666666666668,1
1717,1,1,0,1,0,1,1,0,1,0,1,22.91666666666668,1
1716,1,1,0,1,0,1,1,0,1,0,0,25.11666666666668,1
1715,1,1,0,1,0,1,1,0,0,1,1,22.91666666666668,1
1714,1,1,0,1,0,1,1,0,0,1,0,25.11666666666668,1
1713,1,1,0,1,0,1,1,0,0,0,1,25.11666666666668,1
1712,1,1,0,1,0,1,1,0,0,0,0,26.583333333333346,2
1711,1,1,0,1,0,1,0,1,1,1,1,20.16666666666668,1
1710,1,1,0,1,0,1,0,1,1,1,0,22.91666666666668,1
1709,1,1,0,1,0,1,0,1,1,0,1,22.91666666666668,1
1708,1,1,0,1,0,1,0,1,1,0,0,25.11666666666668,1
1707,1,1,0,1,0,1,0,1,0,1,1,22.91666666666668,1
1706,1,1,0,1,0,1,0,1,0,1,0,25.11666666666668,1
1705,1,1,0,1,0,1,0,1,0,0,1,25.11666666666668,1
1704,1,1,0,1,0,1,0,1,0,0,0,26.583333333333346,2
1703,1,1,0,1,0,1,0,0,1,1,1,22.91666666666668,1
1702,1,1,0,1,0,1,0,0,1,1,0,25.11666666666668,1
1701,1,1,0,1,0,1,0,0,1,0,1,25.11666666666668,1
1700,1,1,0,1,0,1,0,0,1,0,0,26.562089436992128,3
1699,1,1,0,1,0,1,0,0,0,1,1,25.11666666666668,1
1698,1,1,0,1,0,1,0,0,0,1,0,26.53458439696015,3
1697,1,1,0,1,0,1,0,0,0,0,1,26.53458439696015,3
1696,1,1,0,1,0,1,0,0,0,0,0,27.213447884587044,4
1695,1,1,0,1,0,0,1,1,1,1,1,20.16666666666668,1
1694,1,1,0,1,0,0,1,1,1,1,0,22.91666666666668,1
1693,1,1,0,1,0,0,1,1,1,0,1,22.91666666666668,1
1692,1,1,0,1,0,0,1,1,1,0,0,25.11666666666668,1
1691,1,1,0,1,0,0,1,1,0,1,1,22.91666666666668,1
1690,1,1,0,1,0,0,1,1,0,1,0,25.11666666666668,1
1689,1,1,0,1,0,0,1,1,0,0,1,25.11666666666668,1
1688,1,1,0,1,0,0,1,1,0,0,0,26.546699848262556,3
1687,1,1,0,1,0,0,1,0,1,1,1,22.91666666666668,1
1686,1,1,0,1,0,0,1,0,1,1,0,25.11666666666668,1
1685,1,1,0,1,0,0,1,0,1,0,1,25.11666666666668,1
1684,1,1,0,1,0,0,1,0,1,0,0,26.495148758789927,3
1683,1,1,0,1,0,0,1,0,0,1,1,25.11666666666668,1
1682,1,1,0,1,0,0,1,0,0,1,0,26.470748294869,3
1681,1,1,0,1,0,0,1,0,0,0,1,26.470748294869,3
1680,1,1,0,1,0,0,1,0,0,0,0,27.06957525020107,4
1679,1,1,0,1,0,0,0,1,1,1,1,22.91666666666668,1
1678,1,1,0,1,0,0,0,1,1,1,0,25.11666666666668,1
1677,1,1,0,1,0,0,0,1,1,0,1,25.11666666666668,1
1676,1,1,0,1,0,0,0,1,1,0,0,26.457450559277294,3
1675,1,1,0,1,0,0,0,1,0,1,1,25.11666666666668,1
1674,1,1,0,1,0,0,0,1,0,1,0,26.43489842187762,3
1673,1,1,0,1,0,0,0,1,0,0,1,26.43489842187762,3
1672,1,1,0,1,0,0,0,1,0,0,0,27.00494114273226,4
1671,1,1,0,1,0,0,0,0,1,1,1,25.11666666666668,1
1670,1,1,0,1,0,0,0,0,1,1,0,26.422398685077113,3
1669,1,1,0,1,0,0,0,0,1,0,1,26.422398685077113,3
1668,1,1,0,1,0,0,0,0,1,0,0,26.984485320437866,4
1667,1,1,0,1,0,0,0,0,0,1,1,26.431124753076972,3
1666,1,1,0,1,0,0,0,0,0,1,0,26.984620972650717,4
1665,1,1,0,1,0,0,0,0,0,0,1,26.984620972650717,4
1664,1,1,0,1,0,0,0,0,0,0,0,27.147435897435955,5
1663,1,1,0,0,1,1,1,1,1,1,1,16.50000000000001,1
1662,1,1,0,0,1,1,1,1,1,1,0,20.16666666666668,1
1661,1,1,0,0,1,1,1,1,1,0,1,20.16666666666668,1
1660,1,1,0,0,1,1,1,1,1,0,0,22.91666666666668,1
1659,1,1,0,0,1,1,1,1,0,1,1,20.16666666666668,1
1658,1,1,0,0,1,1,1,1,0,1,0,22.91666666666668,1
1657,1,1,0,0,1,1,1,1,0,0,1,22.91666666666668,1
1656,1,1,0,0,1,1,1,1,0,0,0,25.11666666666668,1
1655,1,1,0,0,1,1,1,0,1,1,1,20.16666666666668,1
1654,1,1,0,0,1,1,1,0,1,1,0,22.91666666666668,1
1653,1,1,0,0,1,1,1,0,1,0,1,22.91666666666668,1
1652,1,1,0,0,1,1,1,0,1,0,0,25.11666666666668,1
1651,1,1,0,0,1,1,1,0,0,1,1,22.91666666666668,1
1650,1,1,0,0,1,1,1,0,0,1,0,25.11666666666668,1
1649,1,1,0,0,1,1,1,0,0,0,1,25.11666666666668,1
1648,1,1,0,0,1,1,1,0,0,0,0,26.583333333333346,2
1647,1,1,0,0,1,1,0,1,1,1,1,20.16666666666668,1
1646,1,1,0,0,1,1,0,1,1,1,0,22.91666666666668,1
1645,1,1,0,0,1,1,0,1,1,0,1,22.91666666666668,1
1644,1,1,0,0,1,1,0,1,1,0,0,25.11666666666668,1
1643,1,1,0,0,1,1,0,1,0,1,1,22.91666666666668,1
1642,1,1,0,0,1,1,0,1,0,1,0,25.11666666666668,1
1641,1,1,0,0,1,1,0,1,0,0,1,25.11666666666668,1
1640,1,1,0,0,1,1,0,1,0,0,0,26.506232317468612,4
1639,1,1,0,0,1,1,0,0,1,1,1,22.91666666666668,1
1638,1,1,0,0,1,1,0,0,1,1,0,25.11666666666668,1
1637,1,1,0,0,1,1,0,0,1,0,1,25.11666666666668,1
1636,1,1,0,0,1,1,0,0,1,0,0,26.46800556479679,4
1635,1,1,0,0,1,1,0,0,0,1,1,25.11666666666668,1
1634,1,1,0,0,1,1,0,0,0,1,0,26.454989804377334,3
1633,1,1,0,0,1,1,0,0,0,0,1,26.454989804377334,3
1632,1,1,0,0,1,1,0,0,0,0,0,26.854345128780245,5
1631,1,1,0,0,1,0,1,1,1,1,1,20.16666666666668,1
1630,1,1,0,0,1,0,1,1,1,1,0,22.91666666666668,1
1629,1,1,0,0,1,0,1,1,1,0,1,22.91666666666668,1
1628,1,1,0,0,1,0,1,1,1,0,0,25.11666666666668,1
1627,1,1,0,0,1,0,1,1,0,1,1,22.91666666666668,1
1626,1,1,0,0,1,0,1,1,0,1,0,25.11666666666668,1
1625,1,1,0,0,1,0,1,1,0,0,1,25.11666666666668,1
1624,1,1,0,0,1,0,1,1,0,0,0,26.396577265148757,4
1623,1,1,0,0,1,0,1,0,1,1,1,22.91666666666668,1
1622,1,1,0,0,1,0,1,0,1,1,0,25.11666666666668,1
1621,1,1,0,0,1,0,1,0,1,0,1,25.11666666666668,1
1620,1,1,0,0,1,0,1,0,1,0,0,26.362643225293457,4
1619,1,1,0,0,1,0,1,0,0,1,1,25.11666666666668,1
1618,1,1,0,0,1,0,1,0,0,1,0,26.362501428431642,4
1617,1,1,0,0,1,0,1,0,0,0,1,26.362501428431642,4
1616,1,1,0,0,1,0,1,0,0,0,0,26.713329716732396,5
1615,1,1,0,0,1,0,0,1,1,1,1,22.91666666666668,1
1614,1,1,0,0,1,0,0,1,1,1,0,25.11666666666668,1
1613,1,1,0,0,1,0,0,1,1,0,1,25.11666666666668,1
1612,1,1,0,0,1,0,0,1,1,0,0,26.32961560205441,4
1611,1,1,0,0,1,0,0,1,0,1,1,25.11666666666668,1
1610,1,1,0,0,1,0,0,1,0,1,0,26.329890672946064,4
1609,1,1,0,0,1,0,0,1,0,0,1,26.329890672946064,4
1608,1,1,0,0,1,0,0,1,0,0,0,26.68101577986255,5
1607,1,1,0,0,1,0,0,0,1,1,1,25.11666666666668,1
1606,1,1,0,0,1,0,0,0,1,1,0,26.32988468999053,4
1605,1,1,0,0,1,0,0,0,1,0,1,26.32988468999053,4
1604,1,1,0,0,1,0,0,0,1,0,0,26.682121098766835,5
1603,1,1,0,0,1,0,0,0,0,1,1,26.328805203541542,4
1602,1,1,0,0,1,0,0,0,0,1,0,26.68287832510828,5
1601,1,1,0,0,1,0,0,0,0,0,1,26.68287832510828,5
1600,1,1,0,0,1,0,0,0,0,0,0,26.536324786324826,6
1599,1,1,0,0,0,1,1,1,1,1,1,20.16666666666668,1
1598,1,1,0,0,0,1,1,1,1,1,0,22.91666666666668,1
1597,1,1,0,0,0,1,1,1,1,0,1,22.91666666666668,1
1596,1,1,0,0,0,1,1,1,1,0,0,25.11666666666668,1
1595,1,1,0,0,0,1,1,1,0,1,1,22.91666666666668,1
1594,1,1,0,0,0,1,1,1,0,1,0,25.11666666666668,1
1593,1,1,0,0,0,1,1,1,0,0,1,25.11666666666668,1
1592,1,1,0,0,0,1,1,1,0,0,0,26.29999035880511,4
1591,1,1,0,0,0,1,1,0,1,1,1,22.91666666666668,1
1590,1,1,0,0,0,1,1,0,1,1,0,25.11666666666668,1
1589,1,1,0,0,0,1,1,0,1,0,1,25.11666666666668,1
1588,1,1,0,0,0,1,1,0,1,0,0,26.27063075798127,4
1587,1,1,0,0,0,1,1,0,0,1,1,25.11666666666668,1
1586,1,1,0,0,0,1,1,0,0,1,0,26.270986866744337,4
1585,1,1,0,0,0,1,1,0,0,0,1,26.270986866744337,4
1584,1,1,0,0,0,1,1,0,0,0,0,26.568580406731574,5
1583,1,1,0,0,0,1,0,1,1,1,1,22.91666666666668,1
1582,1,1,0,0,0,1,0,1,1,1,0,25.11666666666668,1
1581,1,1,0,0,0,1,0,1,1,0,1,25.11666666666668,1
1580,1,1,0,0,0,1,0,1,1,0,0,26.241003922770236,4
1579,1,1,0,0,0,1,0,1,0,1,1,25.11666666666668,1
1578,1,1,0,0,0,1,0,1,0,1,0,26.241716081586407,4
1577,1,1,0,0,0,1,0,1,0,0,1,26.241716081586407,4
1576,1,1,0,0,0,1,0,1,0,0,0,26.54094529476181,5
1575,1,1,0,0,0,1,0,0,1,1,1,25.11666666666668,1
1574,1,1,0,0,0,1,0,0,1,1,0,26.241744918832175,4
1573,1,1,0,0,0,1,0,0,1,0,1,26.241744918832175,4
1572,1,1,0,0,0,1,0,0,1,0,0,26.542064241107273,5
1571,1,1,0,0,0,1,0,0,0,1,1,26.241235110930464,4
1570,1,1,0,0,0,1,0,0,0,1,0,26.54253939231626,5
1569,1,1,0,0,0,1,0,0,0,0,1,26.54253939231626,5
1568,1,1,0,0,0,1,0,0,0,0,0,26.31827309236952,6
1567,1,1,0,0,0,0,1,1,1,1,1,22.91666666666668,1
1566,1,1,0,0,0,0,1,1,1,1,0,25.11666666666668,1
1565,1,1,0,0,0,0,1,1,1,0,1,25.11666666666668,1
1564,1,1,0,0,0,0,1,1,1,0,0,26.214177548113565,4
1563,1,1,0,0,0,0,1,1,0,1,1,25.11666666666668,1
1562,1,1,0,0,0,0,1,1,0,1,0,26.214644418969257,4
1561,1,1,0,0,0,0,1,1,0,0,1,26.214644418969257,4
1560,1,1,0,0,0,0,1,1,0,0,0,26.50870797128764,5
1559,1,1,0,0,0,0,1,0,1,1,1,25.11666666666668,1
1558,1,1,0,0,0,0,1,0,1,1,0,26.215098304880236,4
1557,1,1,0,0,0,0,1,0,1,0,1,26.215098304880236,4
1556,1,1,0,0,0,0,1,0,1,0,0,26.509582534111598,5
1555,1,1,0,0,0,0,1,0,0,1,1,26.214427359097257,4
1554,1,1,0,0,0,0,1,0,0,1,0,26.510137601368992,5
1553,1,1,0,0,0,0,1,0,0,0,1,26.510137601368992,5
1552,1,1,0,0,0,0,1,0,0,0,0,26.277777777777818,6
1551,1,1,0,0,0,0,0,1,1,1,1,25.11666666666668,1
1550,1,1,0,0,0,0,0,1,1,1,0,26.215923099653434,4
1549,1,1,0,0,0,0,0,1,1,0,1,26.215923099653434,4
1548,1,1,0,0,0,0,0,1,1,0,0,26.51005862619653,5
1547,1,1,0,0,0,0,0,1,0,1,1,26.21560688886393,4
1546,1,1,0,0,0,0,0,1,0,1,0,26.510449303239632,5
1545,1,1,0,0,0,0,0,1,0,0,1,26.510449303239632,5
1544,1,1,0,0,0,0,0,1,0,0,0,26.277777777777818,6
1543,1,1,0,0,0,0,0,0,1,1,1,26.215105281260037,4
1542,1,1,0,0,0,0,0,0,1,1,0,26.512026972646336,5
1541,1,1,0,0,0,0,0,0,1,0,1,26.512026972646336,5
1540,1,1,0,0,0,0,0,0,1,0,0,26.277777777777818,6
1539,1,1,0,0,0,0,0,0,0,1,1,26.512955761812176,5
1538,1,1,0,0,0,0,0,0,0,1,0,26.277777777777818,6
1537,1,1,0,0,0,0,0,0,0,0,1,26.277777777777818,6
1536,1,1,0,0,0,0,0,0,0,0,0,25.666666666666693,7
1535,1,0,1,1,1,1,1,1,1,1,1,11.000000000000009,1
1534,1,0,1,1,1,1,1,1,1,1,0,16.50000000000001,1
1533,1,0,1,1,1,1,1,1,1,0,1,16.50000000000001,1
1532,1,0,1,1,1,1,1,1,1,0,0,20.16666666666668,1
1531,1,0,1,1,1,1,1,1,0,1,1,16.50000000000001,1
1530,1,0,1,1,1,1,1,1,0,1,0,20.16666666666668,1
1529,1,0,1,1,1,1,1,1,0,0,1,20.16666666666668,1
1528,1,0,1,1,1,1,1,1,0,0,0,22.91666666666668,1
1527,1,0,1,1,1,1,1,0,1,1,1,16.50000000000001,1
1526,1,0,1,1,1,1,1,0,1,1,0,20.16666666666668,1
1525,1,0,1,1,1,1,1,0,1,0,1,20.16666666666668,1
1524,1,0,1,1,1,1,1,0,1,0,0,22.91666666666668,1
1523,1,0,1,1,1,1,1,0,0,1,1,20.16666666666668,1
1522,1,0,1,1,1,1,1,0,0,1,0,22.91666666666668,1
1521,1,0,1,1,1,1,1,0,0,0,1,22.91666666666668,1
1520,1,0,1,1,1,1,1,0,0,0,0,25.11666666666668,1
1519,1,0,1,1,1,1,0,1,1,1,1,16.50000000000001,1
1518,1,0,1,1,1,1,0,1,1,1,0,20.16666666666668,1
1517,1,0,1,1,1,1,0,1,1,0,1,20.16666666666668,1
1516,1,0,1,1,1,1,0,1,1,0,0,22.91666666666668,1
1515,1,0,1,1,1,1,0,1,0,1,1,20.16666666666668,1
1514,1,0,1,1,1,1,0,1,0,1,0,22.91666666666668,1
1513,1,0,1,1,1,1,0,1,0,0,1,22.91666666666668,1
1512,1,0,1,1,1,1,0,1,0,0,0,25.11666666666668,1
1511,1,0,1,1,1,1,0,0,1,1,1,20.16666666666668,1
1510,1,0,1,1,1,1,0,0,1,1,0,22.91666666666668,1
1509,1,0,1,1,1,1,0,0,1,0,1,22.91666666666668,1
1508,1,0,1,1,1,1,0,0,1,0,0,25.11666666666668,1
1507,1,0,1,1,1,1,0,0,0,1,1,22.91666666666668,1
1506,1,0,1,1,1,1,0,0,0,1,0,25.11666666666668,1
1505,1,0,1,1,1,1,0,0,0,0,1,25.11666666666668,1
1504,1,0,1,1,1,1,0,0,0,0,0,26.583333333333346,2
1503,1,0,1,1,1,0,1,1,1,1,1,16.50000000000001,1
1502,1,0,1,1,1,0,1,1,1,1,0,20.16666666666668,1
1501,1,0,1,1,1,0,1,1,1,0,1,20.16666666666668,1
1500,1,0,1,1,1,0,1,1,1,0,0,22.91666666666668,1
1499,1,0,1,1,1,0,1,1,0,1,1,20.16666666666668,1
1498,1,0,1,1,1,0,1,1,0,1,0,22.91666666666668,1
1497,1,0,1,1,1,0,1,1,0,0,1,22.91666666666668,1
1496,1,0,1,1,1,0,1,1,0,0,0,25.11666666666668,1
1495,1,0,1,1,1,0,1,0,1,1,1,20.16666666666668,1
1494,1,0,1,1,1,0,1,0,1,1,0,22.91666666666668,1
1493,1,0,1,1,1,0,1,0,1,0,1,22.91666666666668,1
1492,1,0,1,1,1,0,1,0,1,0,0,25.11666666666668,1
1491,1,0,1,1,1,0,1,0,0,1,1,22.91666666666668,1
1490,1,0,1,1,1,0,1,0,0,1,0,25.11666666666668,1
1489,1,0,1,1,1,0,1,0,0,0,1,25.11666666666668,1
1488,1,0,1,1,1,0,1,0,0,0,0,26.54783617274322,6
1487,1,0,1,1,1,0,0,1,1,1,1,20.16666666666668,1
1486,1,0,1,1,1,0,0,1,1,1,0,22.91666666666668,1
1485,1,0,1,1,1,0,0,1,1,0,1,22.91666666666668,1
1484,1,0,1,1,1,0,0,1,1,0,0,25.11666666666668,1
1483,1,0,1,1,1,0,0,1,0,1,1,22.91666666666668,1
1482,1,0,1,1,1,0,0,1,0,1,0,25.11666666666668,1
1481,1,0,1,1,1,0,0,1,0,0,1,25.11666666666668,1
1480,1,0,1,1,1,0,0,1,0,0,0,26.550197014643803,6
1479,1,0,1,1,1,0,0,0,1,1,1,22.91666666666668,1
1478,1,0,1,1,1,0,0,0,1,1,0,25.11666666666668,1
1477,1,0,1,1,1,0,0,0,1,0,1,25.11666666666668,1
1476,1,0,1,1,1,0,0,0,1,0,0,26.53170630841542,4
1475,1,0,1,1,1,0,0,0,0,1,1,25.11666666666668,1
1474,1,0,1,1,1,0,0,0,0,1,0,26.52168475887728,3
1473,1,0,1,1,1,0,0,0,0,0,1,26.52168475887728,3
1472,1,0,1,1,1,0,0,0,0,0,0,25.98764767391852,7
1471,1,0,1,1,0,1,1,1,1,1,1,16.50000000000001,1
1470,1,0,1,1,0,1,1,1,1,1,0,20.16666666666668,1
1469,1,0,1,1,0,1,1,1,1,0,1,20.16666666666668,1
1468,1,0,1,1,0,1,1,1,1,0,0,22.91666666666668,1
1467,1,0,1,1,0,1,1,1,0,1,1,20.16666666666668,1
1466,1,0,1,1,0,1,1,1,0,1,0,22.91666666666668,1
1465,1,0,1,1,0,1,1,1,0,0,1,22.91666666666668,1
1464,1,0,1,1,0,1,1,1,0,0,0,25.11666666666668,1
1463,1,0,1,1,0,1,1,0,1,1,1,20.16666666666668,1
1462,1,0,1,1,0,1,1,0,1,1,0,22.91666666666668,1
1461,1,0,1,1,0,1,1,0,1,0,1,22.91666666666668,1
1460,1,0,1,1,0,1,1,0,1,0,0,25.11666666666668,1
1459,1,0,1,1,0,1,1,0,0,1,1,22.91666666666668,1
1458,1,0,1,1,0,1,1,0,0,1,0,25.11666666666668,1
1457,1,0,1,1,0,1,1,0,0,0,1,25.11666666666668,1
1456,1,0,1,1,0,1,1,0,0,0,0,26.361285982647072,5
1455,1,0,1,1,0,1,0,1,1,1,1,20.16666666666668,1
1454,1,0,1,1,0,1,0,1,1,1,0,22.91666666666668,1
1453,1,0,1,1,0,1,0,1,1,0,1,22.91666666666668,1
1452,1,0,1,1,0,1,0,1,1,0,0,25.11666666666668,1
1451,1,0,1,1,0,1,0,1,0,1,1,22.91666666666668,1
1450,1,0,1,1,0,1,0,1,0,1,0,25.11666666666668,1
1449,1,0,1,1,0,1,0,1,0,0,1,25.11666666666668,1
1448,1,0,1,1,0,1,0,1,0,0,0,26.318385218850064,5
1447,1,0,1,1,0,1,0,0,1,1,1,22.91666666666668,1
1446,1,0,1,1,0,1,0,0,1,1,0,25.11666666666668,1
1445,1,0,1,1,0,1,0,0,1,0,1,25.11666666666668,1
1444,1,0,1,1,0,1,0,0,1,0,0,26.318746252256865,5
1443,1,0,1,1,0,1,0,0,0,1,1,25.11666666666668,1
1442,1,0,1,1,0,1,0,0,0,1,0,26.31884741639599,5
1441,1,0,1,1,0,1,0,0,0,0,1,26.31884741639599,5
1440,1,0,1,1,0,1,0,0,0,0,0,25.88662168944844,7
1439,1,0,1,1,0,0,1,1,1,1,1,20.16666666666668,1
1438,1,0,1,1,0,0,1,1,1,1,0,22.91666666666668,1
1437,1,0,1,1,0,0,1,1,1,0,1,22.91666666666668,1
1436,1,0,1,1,0,0,1,1,1,0,0,25.11666666666668,1
1435,1,0,1,1,0,0,1,1,0,1,1,22.91666666666668,1
1434,1,0,1,1,0,0,1,1,0,1,0,25.11666666666668,1
1433,1,0,1,1,0,0,1,1,0,0,1,25.11666666666668,1
1432,1,0,1,1,0,0,1,1,0,0,0,26.251568117234523,5
1431,1,0,1,1,0,0,1,0,1,1,1,22.91666666666668,1
1430,1,0,1,1,0,0,1,0,1,1,0,25.11666666666668,1
1429,1,0,1,1,0,0,1,0,1,0,1,25.11666666666668,1
1428,1,0,1,1,0,0,1,0,1,0,0,26.23512678841558,4
1427,1,0,1,1,0,0,1,0,0,1,1,25.11666666666668,1
1426,1,0,1,1,0,0,1,0,0,1,0,26.234974193476877,4
1425,1,0,1,1,0,0,1,0,0,0,1,26.234974193476877,4
1424,1,0,1,1,0,0,1,0,0,0,0,25.893222452076003,7
1423,1,0,1,1,0,0,0,1,1,1,1,22.91666666666668,1
1422,1,0,1,1,0,0,0,1,1,1,0,25.11666666666668,1
1421,1,0,1,1,0,0,0,1,1,0,1,25.11666666666668,1
1420,1,0,1,1,0,0,0,1,1,0,0,26.20599143619315,4
1419,1,0,1,1,0,0,0,1,0,1,1,25.11666666666668,1
1418,1,0,1,1,0,0,0,1,0,1,0,26.206219705315643,4
1417,1,0,1,1,0,0,0,1,0,0,1,26.206219705315643,4
1416,1,0,1,1,0,0,0,1,0,0,0,25.896289386620573,7
1415,1,0,1,1,0,0,0,0,1,1,1,25.11666666666668,1
1414,1,0,1,1,0,0,0,0,1,1,0,26.205898286394838,4
1413,1,0,1,1,0,0,0,0,1,0,1,26.205898286394838,4
1412,1,0,1,1,0,0,0,0,1,0,0,25.897478428038838,7
1411,1,0,1,1,0,0,0,0,0,1,1,26.204889548666355,4
1410,1,0,1,1,0,0,0,0,0,1,0,25.897642237437402,7
1409,1,0,1,1,0,0,0,0,0,0,1,25.897642237437402,7
1408,1,0,1,1,0,0,0,0,0,0,0,24.24074074074076,9
1407,1,0,1,0,1,1,1,1,1,1,1,16.50000000000001,1
1406,1,0,1,0,1,1,1,1,1,1,0,20.16666666666668,1
1405,1,0,1,0,1,1,1,1,1,0,1,20.16666666666668,1
1404,1,0,1,0,1,1,1,1,1,0,0,22.91666666666668,1
1403,1,0,1,0,1,1,1,1,0,1,1,20.16666666666668,1
1402,1,0,1,0,1,1,1,1,0,1,0,22.91666666666668,1
1401,1,0,1,0,1,1,1,1,0,0,1,22.91666666666668,1
1400,1,0,1,0,1,1,1,1,0,0,0,25.11666666666668,1
1399,1,0,1,0,1,1,1,0,1,1,1,20.16666666666668,1
1398,1,0,1,0,1,1,1,0,1,1,0,22.91666666666668,1
1397,1,0,1,0,1,1,1,0,1,0,1,22.91666666666668,1
1396,1,0,1,0,1,1,1,0,1,0,0,25.11666666666668,1
1395,1,0,1,0,1,1,1,0,0,1,1,22.91666666666668,1
1394,1,0,1,0,1,1,1,0,0,1,0,25.11666666666668,1
1393,1,0,1,0,1,1,1,0,0,0,1,25.11666666666668,1
1392,1,0,1,0,1,1,1,0,0,0,0,26.100844261016285,5
1391,1,0,1,0,1,1,0,1,1,1,1,20.16666666666668,1
1390,1,0,1,0,1,1,0,1,1,1,0,22.91666666666668,1
1389,1,0,1,0,1,1,0,1,1,0,1,22.91666666666668,1
1388,1,0,1,0,1,1,0,1,1,0,0,25.11666666666668,1
1387,1,0,1,0,1,1,0,1,0,1,1,22.91666666666668,1
1386,1,0,1,0,1,1,0,1,0,1,0,25.11666666666668,1
1385,1,0,1,0,1,1,0,1,0,0,1,25.11666666666668,1
1384,1,0,1,0,1,1,0,1,0,0,0,26.06442960661328,5
1383,1,0,1,0,1,1,0,0,1,1,1,22.91666666666668,1
1382,1,0,1,0,1,1,0,0,1,1,0,25.11666666666668,1
1381,1,0,1,0,1,1,0,0,1,0,1,25.11666666666668,1
1380,1,0,1,0,1,1,0,0,1,0,0,26.064472541304337,5
1379,1,0,1,0,1,1,0,0,0,1,1,25.11666666666668,1
1378,1,0,1,0,1,1,0,0,0,1,0,26.06455253111977,5
1377,1,0,1,0,1,1,0,0,0,0,1,26.06455253111977,5
1376,1,0,1,0,1,1,0,0,0,0,0,25.632642821766257,7
1375,1,0,1,0,1,0,1,1,1,1,1,20.16666666666668,1
1374,1,0,1,0,1,0,1,1,1,1,0,22.91666666666668,1
1373,1,0,1,0,1,0,1,1,1,0,1,22.91666666666668,1
1372,1,0,1,0,1,0,1,1,1,0,0,25.11666666666668,1
1371,1,0,1,0,1,0,1,1,0,1,1,22.91666666666668,1
1370,1,0,1,0,1,0,1,1,0,1,0,25.11666666666668,1
1369,1,0,1,0,1,0,1,1,0,0,1,25.11666666666668,1
1368,1,0,1,0,1,0,1,1,0,0,0,26.01170798255169,5
1367,1,0,1,0,1,0,1,0,1,1,1,22.91666666666668,1
1366,1,0,1,0,1,0,1,0,1,1,0,25.11666666666668,1
1365,1,0,1,0,1,0,1,0,1,0,1,25.11666666666668,1
1364,1,0,1,0,1,0,1,0,1,0,0,26.01175282705166,5
1363,1,0,1,0,1,0,1,0,0,1,1,25.11666666666668,1
1362,1,0,1,0,1,0,1,0,0,1,0,26.0118299265577,5
1361,1,0,1,0,1,0,1,0,0,0,1,26.0118299265577,5
1360,1,0,1,0,1,0,1,0,0,0,0,25.63695399810784,7
1359,1,0,1,0,1,0,0,1,1,1,1,22.91666666666668,1
1358,1,0,1,0,1,0,0,1,1,1,0,25.11666666666668,1
1357,1,0,1,0,1,0,0,1,1,0,1,25.11666666666668,1
1356,1,0,1,0,1,0,0,1,1,0,0,26.00626597083949,5
1355,1,0,1,0,1,0,0,1,0,1,1,25.11666666666668,1
1354,1,0,1,0,1,0,0,1,0,1,0,26.006344577416925,5
1353,1,0,1,0,1,0,0,1,0,0,1,26.006344577416925,5
1352,1,0,1,0,1,0,0,1,0,0,0,25.63909396768706,7
1351,1,0,1,0,1,0,0,0,1,1,1,25.11666666666668,1
1350,1,0,1,0,1,0,0,0,1,1,0,26.00638073294883,5
1349,1,0,1,0,1,0,0,0,1,0,1,26.00638073294883,5
1348,1,0,1,0,1,0,0,0,1,0,0,25.640486167923644,7
1347,1,0,1,0,1,0,0,0,0,1,1,26.006452895069707,5
1346,1,0,1,0,1,0,0,0,0,1,0,25.641208073411466,7
1345,1,0,1,0,1,0,0,0,0,0,1,25.641208073411466,7
1344,1,0,1,0,1,0,0,0,0,0,0,24.155405405405432,8
1343,1,0,1,0,0,1,1,1,1,1,1,20.16666666666668,1
1342,1,0,1,0,0,1,1,1,1,1,0,22.91666666666668,1
1341,1,0,1,0,0,1,1,1,1,0,1,22.91666666666668,1
1340,1,0,1,0,0,1,1,1,1,0,0,25.11666666666668,1
1339,1,0,1,0,0,1,1,1,0,1,1,22.91666666666668,1
1338,1,0,1,0,0,1,1,1,0,1,0,25.11666666666668,1
1337,1,0,1,0,0,1,1,1,0,0,1,25.11666666666668,1
1336,1,0,1,0,0,1,1,1,0,0,0,25.941135300572046,5
1335,1,0,1,0,0,1,1,0,1,1,1,22.91666666666668,1
1334,1,0,1,0,0,1,1,0,1,1,0,25.11666666666668,1
1333,1,0,1,0,0,1,1,0,1,0,1,25.11666666666668,1
1332,1,0,1,0,0,1,1,0,1,0,0,25.941169532003155,5
1331,1,0,1,0,0,1,1,0,0,1,1,25.11666666666668,1
1330,1,0,1,0,0,1,1,0,0,1,0,25.94124135451895,5
1329,1,0,1,0,0,1,1,0,0,0,1,25.94124135451895,5
1328,1,0,1,0,0,1,1,0,0,0,0,25.61442426913585,7
1327,1,0,1,0,0,1,0,1,1,1,1,22.91666666666668,1
1326,1,0,1,0,0,1,0,1,1,1,0,25.11666666666668,1
1325,1,0,1,0,0,1,0,1,1,0,1,25.11666666666668,1
1324,1,0,1,0,0,1,0,1,1,0,0,25.936326485044045,5
1323,1,0,1,0,0,1,0,1,0,1,1,25.11666666666668,1
1322,1,0,1,0,0,1,0,1,0,1,0,25.936399759299462,5
1321,1,0,1,0,0,1,0,1,0,0,1,25.936399759299462,5
1320,1,0,1,0,0,1,0,1,0,0,0,25.61665055131403,7
1319,1,0,1,0,0,1,0,0,1,1,1,25.11666666666668,1
1318,1,0,1,0,0,1,0,0,1,1,0,25.9364258526255,5
1317,1,0,1,0,0,1,0,0,1,0,1,25.9364258526255,5
1316,1,0,1,0,0,1,0,0,1,0,0,25.61784718614688,7
1315,1,0,1,0,0,1,0,0,0,1,1,25.93649304651795,5
1314,1,0,1,0,0,1,0,0,0,1,0,25.61827863214097,7
1313,1,0,1,0,0,1,0,0,0,0,1,25.61827863214097,7
1312,1,0,1,0,0,1,0,0,0,0,0,24.155405405405432,8
1311,1,0,1,0,0,0,1,1,1,1,1,22.91666666666668,1
1310,1,0,1,0,0,0,1,1,1,1,0,25.11666666666668,1
1309,1,0,1,0,0,0,1,1,1,0,1,25.11666666666668,1
1308,1,0,1,0,0,0,1,1,1,0,0,25.90429233381337,4
1307,1,0,1,0,0,0,1,1,0,1,1,25.11666666666668,1
1306,1,0,1,0,0,0,1,1,0,1,0,25.90419725327077,4
1305,1,0,1,0,0,0,1,1,0,0,1,25.90419725327077,4
1304,1,0,1,0,0,0,1,1,0,0,0,25.622792431243557,7
1303,1,0,1,0,0,0,1,0,1,1,1,25.11666666666668,1
1302,1,0,1,0,0,0,1,0,1,1,0,25.90333360190072,4
1301,1,0,1,0,0,0,1,0,1,0,1,25.90333360190072,4
1300,1,0,1,0,0,0,1,0,1,0,0,25.6237155401744,7
1299,1,0,1,0,0,0,1,0,0,1,1,25.902926454781582,4
1298,1,0,1,0,0,0,1,0,0,1,0,25.624316248275306,7
1297,1,0,1,0,0,0,1,0,0,0,1,25.624316248275306,7
1296,1,0,1,0,0,0,1,0,0,0,0,24.155405405405432,8
1295,1,0,1,0,0,0,0,1,1,1,1,25.11666666666668,1
1294,1,0,1,0,0,0,0,1,1,1,0,25.890491183411086,4
1293,1,0,1,0,0,0,0,1,1,0,1,25.890491183411086,4
1292,1,0,1,0,0,0,0,1,1,0,0,25.626665369667528,7
1291,1,0,1,0,0,0,0,1,0,1,1,25.890408698362418,4
1290,1,0,1,0,0,0,0,1,0,1,0,25.627298425369755,7
1289,1,0,1,0,0,0,0,1,0,0,1,25.627298425369755,7
1288,1,0,1,0,0,0,0,1,0,0,0,24.155405405405432,8
1287,1,0,1,0,0,0,0,0,1,1,1,25.878942106883574,4
1286,1,0,1,0,0,0,0,0,1,1,0,25.629323842497627,7
1285,1,0,1,0,0,0,0,0,1,0,1,25.629323842497627,7
1284,1,0,1,0,0,0,0,0,1,0,0,24.155405405405432,8
1283,1,0,1,0,0,0,0,0,0,1,1,25.630256505424878,7
1282,1,0,1,0,0,0,0,0,0,1,0,24.155405405405432,8
1281,1,0,1,0,0,0,0,0,0,0,1,24.155405405405432,8
1280,1,0,1,0,0,0,0,0,0,0,0,20.777777777777793,9
1279,1,0,0,1,1,1,1,1,1,1,1,16.50000000000001,1
1278,1,0,0,1,1,1,1,1,1,1,0,20.16666666666668,1
1277,1,0,0,1,1,1,1,1,1,0,1,20.16666666666668,1
1276,1,0,0,1,1,1,1,1,1,0,0,22.91666666666668,1
1275,1,0,0,1,1,1,1,1,0,1,1,20.16666666666668,1
1274,1,0,0,1,1,1,1,1,0,1,0,22.91666666666668,1
1273,1,0,0,1,1,1,1,1,0,0,1,22.91666666666668,1
1272,1,0,0,1,1,1,1,1,0,0,0,25.11666666666668,1
1271,1,0,0,1,1,1,1,0,1,1,1,20.16666666666668,1
1270,1,0,0,1,1,1,1,0,1,1,0,22.91666666666668,1
1269,1,0,0,1,1,1,1,0,1,0,1,22.91666666666668,1
1268,1,0,0,1,1,1,1,0,1,0,0,25.11666666666668,1
1267,1,0,0,1,1,1,1,0,0,1,1,22.91666666666668,1
1266,1,0,0,1,1,1,1,0,0,1,0,25.11666666666668,1
1265,1,0,0,1,1,1,1,0,0,0,1,25.11666666666668,1
1264,1,0,0,1,1,1,1,0,0,0,0,25.787481738723997,6
1263,1,0,0,1,1,1,0,1,1,1,1,20.16666666666668,1
1262,1,0,0,1,1,1,0,1,1,1,0,22.91666666666668,1
1261,1,0,0,1,1,1,0,1,1,0,1,22.91666666666668,1
1260,1,0,0,1,1,1,0,1,1,0,0,25.11666666666668,1
1259,1,0,0,1,1,1,0,1,0,1,1,22.91666666666668,1
1258,1,0,0,1,1,1,0,1,0,1,0,25.11666666666668,1
1257,1,0,0,1,1,1,0,1,0,0,1,25.11666666666668,1
1256,1,0,0,1,1,1,0,1,0,0,0,25.789007299271063,6
1255,1,0,0,1,1,1,0,0,1,1,1,22.91666666666668,1
1254,1,0,0,1,1,1,0,0,1,1,0,25.11666666666668,1
1253,1,0,0,1,1,1,0,0,1,0,1,25.11666666666668,1
1252,1,0,0,1,1,1,0,0,1,0,0,25.789661120255808,6
1251,1,0,0,1,1,1,0,0,0,1,1,25.11666666666668,1
1250,1,0,0,1,1,1,0,0,0,1,0,25.789769261144624,6
1249,1,0,0,1,1,1,0,0,0,0,1,25.789769261144624,6
1248,1,0,0,1,1,1,0,0,0,0,0,25.340898791574286,7
1247,1,0,0,1,1,0,1,1,1,1,1,20.16666666666668,1
1246,1,0,0,1,1,0,1,1,1,1,0,22.91666666666668,1
1245,1,0,0,1,1,0,1,1,1,0,1,22.91666666666668,1
1244,1,0,0,1,1,0,1,1,1,0,0,25.11666666666668,1
1243,1,0,0,1,1,0,1,1,0,1,1,22.91666666666668,1
1242,1,0,0,1,1,0,1,1,0,1,0,25.11666666666668,1
1241,1,0,0,1,1,0,1,1,0,0,1,25.11666666666668,1
1240,1,0,0,1,1,0,1,1,0,0,0,25.764779783726407,5
1239,1,0,0,1,1,0,1,0,1,1,1,22.91666666666668,1
1238,1,0,0,1,1,0,1,0,1,1,0,25.11666666666668,1
1237,1,0,0,1,1,0,1,0,1,0,1,25.11666666666668,1
1236,1,0,0,1,1,0,1,0,1,0,0,25.764768334457514,5
1235,1,0,0,1,1,0,1,0,0,1,1,25.11666666666668,1
1234,1,0,0,1,1,0,1,0,0,1,0,25.76471118551161,5
1233,1,0,0,1,1,0,1,0,0,0,1,25.76471118551161,5
1232,1,0,0,1,1,0,1,0,0,0,0,25.344158015608546,7
1231,1,0,0,1,1,0,0,1,1,1,1,22.91666666666668,1
1230,1,0,0,1,1,0,0,1,1,1,0,25.11666666666668,1
1229,1,0,0,1,1,0,0,1,1,0,1,25.11666666666668,1
1228,1,0,0,1,1,0,0,1,1,0,0,25.761697722579168,5
1227,1,0,0,1,1,0,0,1,0,1,1,25.11666666666668,1
1226,1,0,0,1,1,0,0,1,0,1,0,25.761642163901442,5
1225,1,0,0,1,1,0,0,1,0,0,1,25.761642163901442,5
1224,1,0,0,1,1,0,0,1,0,0,0,25.346287356939143,7
1223,1,0,0,1,1,0,0,0,1,1,1,25.11666666666668,1
1222,1,0,0,1,1,0,0,0,1,1,0,25.76161289591824,5
1221,1,0,0,1,1,0,0,0,1,0,1,25.76161289591824,5
1220,1,0,0,1,1,0,0,0,1,0,0,25.346884671021385,7
1219,1,0,0,1,1,0,0,0,0,1,1,25.76154904298954,5
1218,1,0,0,1,1,0,0,0,0,1,0,25.347051231723476,7
1217,1,0,0,1,1,0,0,0,0,0,1,25.347051231723476,7
1216,1,0,0,1,1,0,0,0,0,0,0,23.812500000000014,8
1215,1,0,0,1,0,1,1,1,1,1,1,20.16666666666668,1
1214,1,0,0,1,0,1,1,1,1,1,0,22.91666666666668,1
1213,1,0,0,1,0,1,1,1,1,0,1,22.91666666666668,1
1212,1,0,0,1,0,1,1,1,1,0,0,25.11666666666668,1
1211,1,0,0,1,0,1,1,1,0,1,1,22.91666666666668,1
1210,1,0,0,1,0,1,1,1,0,1,0,25.11666666666668,1
1209,1,0,0,1,0,1,1,1,0,0,1,25.11666666666668,1
1208,1,0,0,1,0,1,1,1,0,0,0,25.713878525631017,5
1207,1,0,0,1,0,1,1,0,1,1,1,22.91666666666668,1
1206,1,0,0,1,0,1,1,0,1,1,0,25.11666666666668,1
1205,1,0,0,1,0,1,1,0,1,0,1,25.11666666666668,1
1204,1,0,0,1,0,1,1,0,1,0,0,25.713866512639523,5
1203,1,0,0,1,0,1,1,0,0,1,1,25.11666666666668,1
1202,1,0,0,1,0,1,1,0,0,1,0,25.71381670965575,5
1201,1,0,0,1,0,1,1,0,0,0,1,25.71381670965575,5
1200,1,0,0,1,0,1,1,0,0,0,0,25.33106967825649,7
1199,1,0,0,1,0,1,0,1,1,1,1,22.91666666666668,1
1198,1,0,0,1,0,1,0,1,1,1,0,25.11666666666668,1
1197,1,0,0,1,0,1,0,1,1,0,1,25.11666666666668,1
1196,1,0,0,1,0,1,0,1,1,0,0,25.711125845687,5
1195,1,0,0,1,0,1,0,1,0,1,1,25.11666666666668,1
1194,1,0,0,1,0,1,0,1,0,1,0,25.71107752330799,5
1193,1,0,0,1,0,1,0,1,0,0,1,25.71107752330799,5
1192,1,0,0,1,0,1,0,1,0,0,0,25.333286477148583,7
1191,1,0,0,1,0,1,0,0,1,1,1,25.11666666666668,1
1190,1,0,0,1,0,1,0,0,1,1,0,25.711048534766647,5
1189,1,0,0,1,0,1,0,0,1,0,1,25.711048534766647,5
1188,1,0,0,1,0,1,0,0,1,0,0,25.333919331300486,7
1187,1,0,0,1,0,1,0,0,0,1,1,25.710992309374923,5
1186,1,0,0,1,0,1,0,0,0,1,0,25.334097595841982,7
1185,1,0,0,1,0,1,0,0,0,0,1,25.334097595841982,7
1184,1,0,0,1,0,1,0,0,0,0,0,23.812500000000014,8
1183,1,0,0,1,0,0,1,1,1,1,1,22.91666666666668,1
1182,1,0,0,1,0,0,1,1,1,1,0,25.11666666666668,1
1181,1,0,0,1,0,0,1,1,1,0,1,25.11666666666668,1
1180,1,0,0,1,0,0,1,1,1,0,0,25.701822817377895,5
1179,1,0,0,1,0,0,1,1,0,1,1,25.11666666666668,1
1178,1,0,0,1,0,0,1,1,0,1,0,25.701772257353813,5
1177,1,0,0,1,0,0,1,1,0,0,1,25.701772257353813,5
1176,1,0,0,1,0,0,1,1,0,0,0,25.33891593063025,7
1175,1,0,0,1,0,0,1,0,1,1,1,25.11666666666668,1
1174,1,0,0,1,0,0,1,0,1,1,0,25.701745671214603,5
1173,1,0,0,1,0,0,1,0,1,0,1,25.701745671214603,5
1172,1,0,0,1,0,0,1,0,1,0,0,25.3395785655836,7
1171,1,0,0,1,0,0,1,0,0,1,1,25.701687354529888,5
1170,1,0,0,1,0,0,1,0,0,1,0,25.339827059096162,7
1169,1,0,0,1,0,0,1,0,0,0,1,25.339827059096162,7
1168,1,0,0,1,0,0,1,0,0,0,0,23.812500000000014,8
1167,1,0,0,1,0,0,0,1,1,1,1,25.11666666666668,1
1166,1,0,0,1,0,0,0,1,1,1,0,25.699877641829872,5
1165,1,0,0,1,0,0,0,1,1,0,1,25.699877641829872,5
1164,1,0,0,1,0,0,0,1,1,0,0,25.3426922806412,7
1163,1,0,0,1,0,0,0,1,0,1,1,25.699819665736854,5
1162,1,0,0,1,0,0,0,1,0,1,0,25.34274612799294,7
1161,1,0,0,1,0,0,0,1,0,0,1,25.34274612799294,7
1160,1,0,0,1,0,0,0,1,0,0,0,23.812500000000014,8
1159,1,0,0,1,0,0,0,0,1,1,1,25.699773508729564,5
1158,1,0,0,1,0,0,0,0,1,1,0,25.3437564909533,7
1157,1,0,0,1,0,0,0,0,1,0,1,25.3437564909533,7
1156,1,0,0,1,0,0,0,0,1,0,0,23.812500000000014,8
1155,1,0,0,1,0,0,0,0,0,1,1,25.344130686364053,7
1154,1,0,0,1,0,0,0,0,0,1,0,23.812500000000014,8
1153,1,0,0,1,0,0,0,0,0,0,1,23.812500000000014,8
1152,1,0,0,1,0,0,0,0,0,0,0,20.350000000000012,9
1151,1,0,0,0,1,1,1,1,1,1,1,20.16666666666668,1
1150,1,0,0,0,1,1,1,1,1,1,0,22.91666666666668,1
1149,1,0,0,0,1,1,1,1,1,0,1,22.91666666666668,1
1148,1,0,0,0,1,1,1,1,1,0,0,25.11666666666668,1
1147,1,0,0,0,1,1,1,1,0,1,1,22.91666666666668,1
1146,1,0,0,0,1,1,1,1,0,1,0,25.11666666666668,1
1145,1,0,0,0,1,1,1,1,0,0,1,25.11666666666668,1
1144,1,0,0,0,1,1,1,1,0,0,0,25.62866780736572,5
1143,1,0,0,0,1,1,1,0,1,1,1,22.91666666666668,1
1142,1,0,0,0,1,1,1,0,1,1,0,25.11666666666668,1
1141,1,0,0,0,1,1,1,0,1,0,1,25.11666666666668,1
1140,1,0,0,0,1,1,1,0,1,0,0,25.6284715385154,5
1139,1,0,0,0,1,1,1,0,0,1,1,25.11666666666668,1
1138,1,0,0,0,1,1,1,0,0,1,0,25.62841583944482,5
1137,1,0,0,0,1,1,1,0,0,0,1,25.62841583944482,5
1136,1,0,0,0,1,1,1,0,0,0,0,25.31819916731829,7
1135,1,0,0,0,1,1,0,1,1,1,1,22.91666666666668,1
1134,1,0,0,0,1,1,0,1,1,1,0,25.11666666666668,1
1133,1,0,0,0,1,1,0,1,1,0,1,25.11666666666668,1
1132,1,0,0,0,1,1,0,1,1,0,0,25.6260667746911,5
1131,1,0,0,0,1,1,0,1,0,1,1,25.11666666666668,1
1130,1,0,0,0,1,1,0,1,0,1,0,25.626014131985258,5
1129,1,0,0,0,1,1,0,1,0,0,1,25.626014131985258,5
1128,1,0,0,0,1,1,0,1,0,0,0,25.321034777467073,7
1127,1,0,0,0,1,1,0,0,1,1,1,25.11666666666668,1
1126,1,0,0,0,1,1,0,0,1,1,0,25.62580014754562,5
1125,1,0,0,0,1,1,0,0,1,0,1,25.62580014754562,5
1124,1,0,0,0,1,1,0,0,1,0,0,25.322139128122387,7
1123,1,0,0,0,1,1,0,0,0,1,1,25.62573752150006,5
1122,1,0,0,0,1,1,0,0,0,1,0,25.322632842396686,7
1121,1,0,0,0,1,1,0,0,0,0,1,25.322632842396686,7
1120,1,0,0,0,1,1,0,0,0,0,0,23.79259259259261,8
1119,1,0,0,0,1,0,1,1,1,1,1,22.91666666666668,1
1118,1,0,0,0,1,0,1,1,1,1,0,25.11666666666668,1
1117,1,0,0,0,1,0,1,1,1,0,1,25.11666666666668,1
1116,1,0,0,0,1,0,1,1,1,0,0,25.61889256972909,5
1115,1,0,0,0,1,0,1,1,0,1,1,25.11666666666668,1
1114,1,0,0,0,1,0,1,1,0,1,0,25.618836020422805,5
1113,1,0,0,0,1,0,1,1,0,0,1,25.618836020422805,5
1112,1,0,0,0,1,0,1,1,0,0,0,25.326593716144977,7
1111,1,0,0,0,1,0,1,0,1,1,1,25.11666666666668,1
1110,1,0,0,0,1,0,1,0,1,1,0,25.61862512006938,5
1109,1,0,0,0,1,0,1,0,1,0,1,25.61862512006938,5
1108,1,0,0,0,1,0,1,0,1,0,0,25.327294418543023,7
1107,1,0,0,0,1,0,1,0,0,1,1,25.618558756632527,5
1106,1,0,0,0,1,0,1,0,0,1,0,25.32777058062049,7
1105,1,0,0,0,1,0,1,0,0,0,1,25.32777058062049,7
1104,1,0,0,0,1,0,1,0,0,0,0,23.79259259259261,8
1103,1,0,0,0,1,0,0,1,1,1,1,25.11666666666668,1
1102,1,0,0,0,1,0,0,1,1,1,0,25.616943261662176,5
1101,1,0,0,0,1,0,0,1,1,0,1,25.616943261662176,5
1100,1,0,0,0,1,0,0,1,1,0,0,25.330164985514276,7
1099,1,0,0,0,1,0,0,1,0,1,1,25.616877925984426,5
1098,1,0,0,0,1,0,0,1,0,1,0,25.330471547766376,7
1097,1,0,0,0,1,0,0,1,0,0,1,25.330471547766376,7
1096,1,0,0,0,1,0,0,1,0,0,0,23.79259259259261,8
1095,1,0,0,0,1,0,0,0,1,1,1,25.616646788974386,5
1094,1,0,0,0,1,0,0,0,1,1,0,25.33168072590402,7
1093,1,0,0,0,1,0,0,0,1,0,1,25.33168072590402,7
1092,1,0,0,0,1,0,0,0,1,0,0,23.79259259259261,8
1091,1,0,0,0,1,0,0,0,0,1,1,25.332555236654787,7
1090,1,0,0,0,1,0,0,0,0,1,0,23.79259259259261,8
1089,1,0,0,0,1,0,0,0,0,0,1,23.79259259259261,8
1088,1,0,0,0,1,0,0,0,0,0,0,20.350000000000012,9
1087,1,0,0,0,0,1,1,1,1,1,1,22.91666666666668,1
1086,1,0,0,0,0,1,1,1,1,1,0,25.10811027519025,3
1085,1,0,0,0,0,1,1,1,1,0,1,25.10811027519025,3
1084,1,0,0,0,0,1,1,1,1,0,0,25.583592513287652,5
1083,1,0,0,0,0,1,1,1,0,1,1,25.112807973905223,3
1082,1,0,0,0,0,1,1,1,0,1,0,25.58354319544908,5
1081,1,0,0,0,0,1,1,1,0,0,1,25.58354319544908,5
1080,1,0,0,0,0,1,1,1,0,0,0,25.340367335170665,7
1079,1,0,0,0,0,1,1,0,1,1,1,25.11666666666668,1
1078,1,0,0,0,0,1,1,0,1,1,0,25.583339210123793,5
1077,1,0,0,0,0,1,1,0,1,0,1,25.583339210123793,5
1076,1,0,0,0,0,1,1,0,1,0,0,25.34104460717522,7
1075,1,0,0,0,0,1,1,0,0,1,1,25.583275859635588,5
1074,1,0,0,0,0,1,1,0,0,1,0,25.341380920727705,7
1073,1,0,0,0,0,1,1,0,0,0,1,25.341380920727705,7
1072,1,0,0,0,0,1,1,0,0,0,0,23.79259259259261,8
1071,1,0,0,0,0,1,0,1,1,1,1,25.11666666666668,1
1070,1,0,0,0,0,1,0,1,1,1,0,25.58097061611109,4
1069,1,0,0,0,0,1,0,1,1,0,1,25.58097061611109,4
1068,1,0,0,0,0,1,0,1,1,0,0,25.343599972288153,7
1067,1,0,0,0,0,1,0,1,0,1,1,25.580618105738324,4
1066,1,0,0,0,0,1,0,1,0,1,0,25.34376861610094,7
1065,1,0,0,0,0,1,0,1,0,0,1,25.34376861610094,7
1064,1,0,0,0,0,1,0,1,0,0,0,23.79259259259261,8
1063,1,0,0,0,0,1,0,0,1,1,1,25.571044238634006,4
1062,1,0,0,0,0,1,0,0,1,1,0,25.344987776448477,7
1061,1,0,0,0,0,1,0,0,1,0,1,25.344987776448477,7
1060,1,0,0,0,0,1,0,0,1,0,0,23.79259259259261,8
1059,1,0,0,0,0,1,0,0,0,1,1,25.345718442855066,7
1058,1,0,0,0,0,1,0,0,0,1,0,23.79259259259261,8
1057,1,0,0,0,0,1,0,0,0,0,1,23.79259259259261,8
1056,1,0,0,0,0,1,0,0,0,0,0,20.350000000000012,9
1055,1,0,0,0,0,0,1,1,1,1,1,25.11666666666668,1
1054,1,0,0,0,0,0,1,1,1,1,0,25.54993216344597,4
1053,1,0,0,0,0,0,1,1,1,0,1,25.54993216344597,4
1052,1,0,0,0,0,0,1,1,1,0,0,25.34990067347072,7
1051,1,0,0,0,0,0,1,1,0,1,1,25.54965897153345,4
1050,1,0,0,0,0,0,1,1,0,1,0,25.35016122740853,7
1049,1,0,0,0,0,0,1,1,0,0,1,25.35016122740853,7
1048,1,0,0,0,0,0,1,1,0,0,0,23.79259259259261,8
1047,1,0,0,0,0,0,1,0,1,1,1,25.540358564813207,4
1046,1,0,0,0,0,0,1,0,1,1,0,25.351014225985008,7
1045,1,0,0,0,0,0,1,0,1,0,1,25.351014225985008,7
1044,1,0,0,0,0,0,1,0,1,0,0,23.79259259259261,8
1043,1,0,0,0,0,0,1,0,0,1,1,25.351838648521394,7
1042,1,0,0,0,0,0,1,0,0,1,0,23.79259259259261,8
1041,1,0,0,0,0,0,1,0,0,0,1,23.79259259259261,8
1040,1,0,0,0,0,0,1,0,0,0,0,20.350000000000012,9
1039,1,0,0,0,0,0,0,1,1,1,1,25.512950053823708,4
1038,1,0,0,0,0,0,0,1,1,1,0,25.35383791148902,7
1037,1,0,0,0,0,0,0,1,1,0,1,25.35383791148902,7
1036,1,0,0,0,0,0,0,1,1,0,0,23.79259259259261,8
1035,1,0,0,0,0,0,0,1,0,1,1,25.354492008230263,7
1034,1,0,0,0,0,0,0,1,0,1,0,23.79259259259261,8
1033,1,0,0,0,0,0,0,1,0,0,1,23.79259259259261,8
1032,1,0,0,0,0,0,0,1,0,0,0,20.350000000000012,9
1031,1,0,0,0,0,0,0,0,1,1,1,25.35622809389951,7
1030,1,0,0,0,0,0,0,0,1,1,0,23.79259259259261,8
1029,1,0,0,0,0,0,0,0,1,0,1,23.79259259259261,8
1028,1,0,0,0,0,0,0,0,1,0,0,20.350000000000012,9
1027,1,0,0,0,0,0,0,0,0,1,1,23.79259259259261,8
1026,1,0,0,0,0,0,0,0,0,1,0,20.350000000000012,9
1025,1,0,0,0,0,0,0,0,0,0,1,20.350000000000012,9
1024,1,0,0,0,0,0,0,0,0,0,0,11.000000000000009,10
1023,0,1,1,1,1,1,1,1,1,1,1,11.000000000000009,1
1022,0,1,1,1,1,1,1,1,1,1,0,16.50000000000001,1
1021,0,1,1,1,1,1,1,1,1,0,1,16.50000000000001,1
1020,0,1,1,1,1,1,1,1,1,0,0,20.16666666666668,1
1019,0,1,1,1,1,1,1,1,0,1,1,16.50000000000001,1
1018,0,1,1,1,1,1,1,1,0,1,0,20.16666666666668,1
1017,0,1,1,1,1,1,1,1,0,0,1,20.16666666666668,1
1016,0,1,1,1,1,1,1,1,0,0,0,22.91666666666668,1
1015,0,1,1,1,1,1,1,0,1,1,1,16.50000000000001,1
1014,0,1,1,1,1,1,1,0,1,1,0,20.16666666666668,1
1013,0,1,1,1,1,1,1,0,1,0,1,20.16666666666668,1
1012,0,1,1,1,1,1,1,0,1,0,0,22.91666666666668,1
1011,0,1,1,1,1,1,1,0,0,1,1,20.16666666666668,1
1010,0,1,1,1,1,1,1,0,0,1,0,22.91666666666668,1
1009,0,1,1,1,1,1,1,0,0,0,1,22.91666666666668,1
1008,0,1,1,1,1,1,1,0,0,0,0,25.11666666666668,1
1007,0,1,1,1,1,1,0,1,1,1,1,16.50000000000001,1
1006,0,1,1,1,1,1,0,1,1,1,0,20.16666666666668,1
1005,0,1,1,1,1,1,0,1,1,0,1,20.16666666666668,1
1004,0,1,1,1,1,1,0,1,1,0,0,22.91666666666668,1
1003,0,1,1,1,1,1,0,1,0,1,1,20.16666666666668,1
1002,0,1,1,1,1,1,0,1,0,1,0,22.91666666666668,1
1001,0,1,1,1,1,1,0,1,0,0,1,22.91666666666668,1
1000,0,1,1,1,1,1,0,1,0,0,0,25.11666666666668,1
999,0,1,1,1,1,1,0,0,1,1,1,20.16666666666668,1
998,0,1,1,1,1,1,0,0,1,1,0,22.91666666666668,1
997,0,1,1,1,1,1,0,0,1,0,1,22.91666666666668,1
996,0,1,1,1,1,1,0,0,1,0,0,25.11666666666668,1
995,0,1,1,1,1,1,0,0,0,1,1,22.91666666666668,1
994,0,1,1,1,1,1,0,0,0,1,0,25.11666666666668,1
993,0,1,1,1,1,1,0,0,0,0,1,25.11666666666668,1
992,0,1,1,1,1,1,0,0,0,0,0,25.032386981233902,8
991,0,1,1,1,1,0,1,1,1,1,1,16.50000000000001,1
990,0,1,1,1,1,0,1,1,1,1,0,20.16666666666668,1
989,0,1,1,1,1,0,1,1,1,0,1,20.16666666666668,1
988,0,1,1,1,1,0,1,1,1,0,0,22.91666666666668,1
987,0,1,1,1,1,0,1,1,0,1,1,20.16666666666668,1
986,0,1,1,1,1,0,1,1,0,1,0,22.91666666666668,1
985,0,1,1,1,1,0,1,1,0,0,1,22.91666666666668,1
984,0,1,1,1,1,0,1,1,0,0,0,25.11666666666668,1
983,0,1,1,1,1,0,1,0,1,1,1,20.16666666666668,1
982,0,1,1,1,1,0,1,0,1,1,0,22.91666666666668,1
981,0,1,1,1,1,0,1,0,1,0,1,22.91666666666668,1
980,0,1,1,1,1,0,1,0,1,0,0,25.11666666666668,1
979,0,1,1,1,1,0,1,0,0,1,1,22.91666666666668,1
978,0,1,1,1,1,0,1,0,0,1,0,25.11666666666668,1
977,0,1,1,1,1,0,1,0,0,0,1,25.11666666666668,1
976,0,1,1,1,1,0,1,0,0,0,0,25.0351571705074,8
975,0,1,1,1,1,0,0,1,1,1,1,20.16666666666668,1
974,0,1,1,1,1,0,0,1,1,1,0,22.91666666666668,1
973,0,1,1,1,1,0,0,1,1,0,1,22.91666666666668,1
972,0,1,1,1,1,0,0,1,1,0,0,25.11666666666668,1
971,0,1,1,1,1,0,0,1,0,1,1,22.91666666666668,1
970,0,1,1,1,1,0,0,1,0,1,0,25.11666666666668,1
969,0,1,1,1,1,0,0,1,0,0,1,25.11666666666668,1
968,0,1,1,1,1,0,0,1,0,0,0,25.036235005320027,8
967,0,1,1,1,1,0,0,0,1,1,1,22.91666666666668,1
966,0,1,1,1,1,0,0,0,1,1,0,25.11666666666668,1
965,0,1,1,1,1,0,0,0,1,0,1,25.11666666666668,1
964,0,1,1,1,1,0,0,0,1,0,0,25.036436401058204,8
963,0,1,1,1,1,0,0,0,0,1,1,25.11666666666668,1
962,0,1,1,1,1,0,0,0,0,1,0,25.036438703535474,8
961,0,1,1,1,1,0,0,0,0,0,1,25.036438703535474,8
960,0,1,1,1,1,0,0,0,0,0,0,23.91666666666668,11
959,0,1,1,1,0,1,1,1,1,1,1,16.50000000000001,1
958,0,1,1,1,0,1,1,1,1,1,0,20.16666666666668,1
957,0,1,1,1,0,1,1,1,1,0,1,20.16666666666668,1
956,0,1,1,1,0,1,1,1,1,0,0,22.91666666666668,1
955,0,1,1,1,0,1,1,1,0,1,1,20.16666666666668,1
954,0,1,1,1,0,1,1,1,0,1,0,22.91666666666668,1
953,0,1,1,1,0,1,1,1,0,0,1,22.91666666666668,1
952,0,1,1,1,0,1,1,1,0,0,0,25.11666666666668,1
951,0,1,1,1,0,1,1,0,1,1,1,20.16666666666668,1
950,0,1,1,1,0,1,1,0,1,1,0,22.91666666666668,1
949,0,1,1,1,0,1,1,0,1,0,1,22.91666666666668,1
948,0,1,1,1,0,1,1,0,1,0,0,25.11666666666668,1
947,0,1,1,1,0,1,1,0,0,1,1,22.91666666666668,1
946,0,1,1,1,0,1,1,0,0,1,0,25.11666666666668,1
945,0,1,1,1,0,1,1,0,0,0,1,25.11666666666668,1
944,0,1,1,1,0,1,1,0,0,0,0,25.04607240887195,8
943,0,1,1,1,0,1,0,1,1,1,1,20.16666666666668,1
942,0,1,1,1,0,1,0,1,1,1,0,22.91666666666668,1
941,0,1,1,1,0,1,0,1,1,0,1,22.91666666666668,1
940,0,1,1,1,0,1,0,1,1,0,0,25.11666666666668,1
939,0,1,1,1,0,1,0,1,0,1,1,22.91666666666668,1
938,0,1,1,1,0,1,0,1,0,1,0,25.11666666666668,1
937,0,1,1,1,0,1,0,1,0,0,1,25.11666666666668,1
936,0,1,1,1,0,1,0,1,0,0,0,25.04729776410248,8
935,0,1,1,1,0,1,0,0,1,1,1,22.91666666666668,1
934,0,1,1,1,0,1,0,0,1,1,0,25.11666666666668,1
933,0,1,1,1,0,1,0,0,1,0,1,25.11666666666668,1
932,0,1,1,1,0,1,0,0,1,0,0,25.047693085983916,8
931,0,1,1,1,0,1,0,0,0,1,1,25.11666666666668,1
930,0,1,1,1,0,1,0,0,0,1,0,25.047712598168786,8
929,0,1,1,1,0,1,0,0,0,0,1,25.047712598168786,8
928,0,1,1,1,0,1,0,0,0,0,0,23.91666666666668,11
927,0,1,1,1,0,0,1,1,1,1,1,20.16666666666668,1
926,0,1,1,1,0,0,1,1,1,1,0,22.91666666666668,1
925,0,1,1,1,0,0,1,1,1,0,1,22.91666666666668,1
924,0,1,1,1,0,0,1,1,1,0,0,25.11666666666668,1
923,0,1,1,1,0,0,1,1,0,1,1,22.91666666666668,1
922,0,1,1,1,0,0,1,1,0,1,0,25.11666666666668,1
921,0,1,1,1,0,0,1,1,0,0,1,25.11666666666668,1
920,0,1,1,1,0,0,1,1,0,0,0,25.053911328108228,8
919,0,1,1,1,0,0,1,0,1,1,1,22.91666666666668,1
918,0,1,1,1,0,0,1,0,1,1,0,25.11666666666668,1
917,0,1,1,1,0,0,1,0,1,0,1,25.11666666666668,1
916,0,1,1,1,0,0,1,0,1,0,0,25.054324529223017,8
915,0,1,1,1,0,0,1,0,0,1,1,25.11666666666668,1
914,0,1,1,1,0,0,1,0,0,1,0,25.054439949606937,8
913,0,1,1,1,0,0,1,0,0,0,1,25.054439949606937,8
912,0,1,1,1,0,0,1,0,0,0,0,23.91666666666668,11
911,0,1,1,1,0,0,0,1,1,1,1,22.91666666666668,1
910,0,1,1,1,0,0,0,1,1,1,0,25.11666666666668,1
909,0,1,1,1,0,0,0,1,1,0,1,25.11666666666668,1
908,0,1,1,1,0,0,0,1,1,0,0,25.056907875816997,8
907,0,1,1,1,0,0,0,1,0,1,1,25.11666666666668,1
906,0,1,1,1,0,0,0,1,0,1,0,25.057040203173152,8
905,0,1,1,1,0,0,0,1,0,0,1,25.057040203173152,8
904,0,1,1,1,0,0,0,1,0,0,0,23.91666666666668,11
903,0,1,1,1,0,0,0,0,1,1,1,25.11666666666668,1
902,0,1,1,1,0,0,0,0,1,1,0,25.058040925431182,8
901,0,1,1,1,0,0,0,0,1,0,1,25.058040925431182,8
900,0,1,1,1,0,0,0,0,1,0,0,23.91666666666668,11
899,0,1,1,1,0,0,0,0,0,1,1,25.058139959239185,8
898,0,1,1,1,0,0,0,0,0,1,0,23.91666666666668,11
897,0,1,1,1,0,0,0,0,0,0,1,23.91666666666668,11
896,0,1,1,1,0,0,0,0,0,0,0,21.16666666666668,11
895,0,1,1,0,1,1,1,1,1,1,1,16.50000000000001,1
894,0,1,1,0,1,1,1,1,1,1,0,20.16666666666668,1
893,0,1,1,0,1,1,1,1,1,0,1,20.16666666666668,1
892,0,1,1,0,1,1,1,1,1,0,0,22.91666666666668,1
891,0,1,1,0,1,1,1,1,0,1,1,20.16666666666668,1
890,0,1,1,0,1,1,1,1,0,1,0,22.91666666666668,1
889,0,1,1,0,1,1,1,1,0,0,1,22.91666666666668,1
888,0,1,1,0,1,1,1,1,0,0,0,25.11666666666668,1
887,0,1,1,0,1,1,1,0,1,1,1,20.16666666666668,1
886,0,1,1,0,1,1,1,0,1,1,0,22.91666666666668,1
885,0,1,1,0,1,1,1,0,1,0,1,22.91666666666668,1
884,0,1,1,0,1,1,1,0,1,0,0,25.11666666666668,1
883,0,1,1,0,1,1,1,0,0,1,1,22.91666666666668,1
882,0,1,1,0,1,1,1,0,0,1,0,25.11666666666668,1
881,0,1,1,0,1,1,1,0,0,0,1,25.11666666666668,1
880,0,1,1,0,1,1,1,0,0,0,0,25.049787631860983,8
879,0,1,1,0,1,1,0,1,1,1,1,20.16666666666668,1
878,0,1,1,0,1,1,0,1,1,1,0,22.91666666666668,1
877,0,1,1,0,1,1,0,1,1,0,1,22.91666666666668,1
876,0,1,1,0,1,1,0,1,1,0,0,25.11666666666668,1
875,0,1,1,0,1,1,0,1,0,1,1,22.91666666666668,1
874,0,1,1,0,1,1,0,1,0,1,0,25.11666666666668,1
873,0,1,1,0,1,1,0,1,0,0,1,25.11666666666668,1
872,0,1,1,0,1,1,0,1,0,0,0,25.051674166354413,8
871,0,1,1,0,1,1,0,0,1,1,1,22.91666666666668,1
870,0,1,1,0,1,1,0,0,1,1,0,25.11666666666668,1
869,0,1,1,0,1,1,0,0,1,0,1,25.11666666666668,1
868,0,1,1,0,1,1,0,0,1,0,0,25.052565054573503,8
867,0,1,1,0,1,1,0,0,0,1,1,25.11666666666668,1
866,0,1,1,0,1,1,0,0,0,1,0,25.052902318119006,8
865,0,1,1,0,1,1,0,0,0,0,1,25.052902318119006,8
864,0,1,1,0,1,1,0,0,0,0,0,23.91666666666668,11
863,0,1,1,0,1,0,1,1,1,1,1,20.16666666666668,1
862,0,1,1,0,1,0,1,1,1,1,0,22.91666666666668,1
861,0,1,1,0,1,0,1,1,1,0,1,22.91666666666668,1
860,0,1,1,0,1,0,1,1,1,0,0,25.11666666666668,1
859,0,1,1,0,1,0,1,1,0,1,1,22.91666666666668,1
858,0,1,1,0,1,0,1,1,0,1,0,25.11666666666668,1
857,0,1,1,0,1,0,1,1,0,0,1,25.11666666666668,1
856,0,1,1,0,1,0,1,1,0,0,0,25.058159471030887,8
855,0,1,1,0,1,0,1,0,1,1,1,22.91666666666668,1
854,0,1,1,0,1,0,1,0,1,1,0,25.102305389277245,3
853,0,1,1,0,1,0,1,0,1,0,1,25.102305389277245,3
852,0,1,1,0,1,0,1,0,1,0,0,25.05864329660638,8
851,0,1,1,0,1,0,1,0,0,1,1,25.101851530110928,3
850,0,1,1,0,1,0,1,0,0,1,0,25.058992781494943,8
849,0,1,1,0,1,0,1,0,0,0,1,25.058992781494943,8
848,0,1,1,0,1,0,1,0,0,0,0,23.91666666666668,11
847,0,1,1,0,1,0,0,1,1,1,1,22.91666666666668,1
846,0,1,1,0,1,0,0,1,1,1,0,25.072867533612296,3
845,0,1,1,0,1,0,0,1,1,0,1,25.072867533612296,3
844,0,1,1,0,1,0,0,1,1,0,0,25.06105146033449,8
843,0,1,1,0,1,0,0,1,0,1,1,25.072548885271843,3
842,0,1,1,0,1,0,0,1,0,1,0,25.06143273399336,8
841,0,1,1,0,1,0,0,1,0,0,1,25.06143273399336,8
840,0,1,1,0,1,0,0,1,0,0,0,23.91666666666668,11
839,0,1,1,0,1,0,0,0,1,1,1,25.071893712584668,3
838,0,1,1,0,1,0,0,0,1,1,0,25.062674825803104,8
837,0,1,1,0,1,0,0,0,1,0,1,25.062674825803104,8
836,0,1,1,0,1,0,0,0,1,0,0,23.91666666666668,11
835,0,1,1,0,1,0,0,0,0,1,1,25.063282500794013,8
834,0,1,1,0,1,0,0,0,0,1,0,23.91666666666668,11
833,0,1,1,0,1,0,0,0,0,0,1,23.91666666666668,11
832,0,1,1,0,1,0,0,0,0,0,0,21.16666666666668,11
831,0,1,1,0,0,1,1,1,1,1,1,20.16666666666668,1
830,0,1,1,0,0,1,1,1,1,1,0,22.91666666666668,1
829,0,1,1,0,0,1,1,1,1,0,1,22.91666666666668,1
828,0,1,1,0,0,1,1,1,1,0,0,25.096122234335283,3
827,0,1,1,0,0,1,1,1,0,1,1,22.91666666666668,1
826,0,1,1,0,0,1,1,1,0,1,0,25.06919776001316,3
825,0,1,1,0,0,1,1,1,0,0,1,25.06919776001316,3
824,0,1,1,0,0,1,1,1,0,0,0,25.070822772749256,8
823,0,1,1,0,0,1,1,0,1,1,1,22.91666666666668,1
822,0,1,1,0,0,1,1,0,1,1,0,25.043140472050805,3
821,0,1,1,0,0,1,1,0,1,0,1,25.043140472050805,3
820,0,1,1,0,0,1,1,0,1,0,0,25.07144176334986,8
819,0,1,1,0,0,1,1,0,0,1,1,25.043583876429082,3
818,0,1,1,0,0,1,1,0,0,1,0,25.07166047428524,8
817,0,1,1,0,0,1,1,0,0,0,1,25.07166047428524,8
816,0,1,1,0,0,1,1,0,0,0,0,23.91666666666668,11
815,0,1,1,0,0,1,0,1,1,1,1,22.91666666666668,1
814,0,1,1,0,0,1,0,1,1,1,0,25.017869138364098,3
813,0,1,1,0,0,1,0,1,1,0,1,25.017869138364098,3
812,0,1,1,0,0,1,0,1,1,0,0,25.07353833056527,8
811,0,1,1,0,0,1,0,1,0,1,1,25.01835348073741,3
810,0,1,1,0,0,1,0,1,0,1,0,25.073782135899968,8
809,0,1,1,0,0,1,0,1,0,0,1,25.073782135899968,8
808,0,1,1,0,0,1,0,1,0,0,0,23.91666666666668,11
807,0,1,1,0,0,1,0,0,1,1,1,25.019141480683597,3
806,0,1,1,0,0,1,0,0,1,1,0,25.07496511721494,8
805,0,1,1,0,0,1,0,0,1,0,1,25.07496511721494,8
804,0,1,1,0,0,1,0,0,1,0,0,23.91666666666668,11
803,0,1,1,0,0,1,0,0,0,1,1,25.075434130191116,8
802,0,1,1,0,0,1,0,0,0,1,0,23.91666666666668,11
801,0,1,1,0,0,1,0,0,0,0,1,23.91666666666668,11
800,0,1,1,0,0,1,0,0,0,0,0,21.16666666666668,11
799,0,1,1,0,0,0,1,1,1,1,1,22.91666666666668,1
798,0,1,1,0,0,0,1,1,1,1,0,24.99471863260493,3
797,0,1,1,0,0,0,1,1,1,0,1,24.99471863260493,3
796,0,1,1,0,0,0,1,1,1,0,0,25.080082131314658,8
795,0,1,1,0,0,0,1,1,0,1,1,24.995460822845747,3
794,0,1,1,0,0,0,1,1,0,1,0,25.080454050886065,8
793,0,1,1,0,0,0,1,1,0,0,1,25.080454050886065,8
792,0,1,1,0,0,0,1,1,0,0,0,23.91666666666668,11
791,0,1,1,0,0,0,1,0,1,1,1,24.99685837591441,3
790,0,1,1,0,0,0,1,0,1,1,0,25.081292560181534,8
789,0,1,1,0,0,0,1,0,1,0,1,25.081292560181534,8
788,0,1,1,0,0,0,1,0,1,0,0,23.91666666666668,11
787,0,1,1,0,0,0,1,0,0,1,1,25.081891528574726,8
786,0,1,1,0,0,0,1,0,0,1,0,23.91666666666668,11
785,0,1,1,0,0,0,1,0,0,0,1,23.91666666666668,11
784,0,1,1,0,0,0,1,0,0,0,0,21.16666666666668,11
783,0,1,1,0,0,0,0,1,1,1,1,24.998014182481405,3
782,0,1,1,0,0,0,0,1,1,1,0,25.083877145277945,8
781,0,1,1,0,0,0,0,1,1,0,1,25.083877145277945,8
780,0,1,1,0,0,0,0,1,1,0,0,23.91666666666668,11
779,0,1,1,0,0,0,0,1,0,1,1,25.084498469218175,8
778,0,1,1,0,0,0,0,1,0,1,0,23.91666666666668,11
777,0,1,1,0,0,0,0,1,0,0,1,23.91666666666668,11
776,0,1,1,0,0,0,0,1,0,0,0,21.16666666666668,11
775,0,1,1,0,0,0,0,0,1,1,1,25.086239179016694,8
774,0,1,1,0,0,0,0,0,1,1,0,23.91666666666668,11
773,0,1,1,0,0,0,0,0,1,0,1,23.91666666666668,11
772,0,1,1,0,0,0,0,0,1,0,0,21.16666666666668,11
771,0,1,1,0,0,0,0,0,0,1,1,23.91666666666668,11
770,0,1,1,0,0,0,0,0,0,1,0,21.16666666666668,11
769,0,1,1,0,0,0,0,0,0,0,1,21.16666666666668,11
768,0,1,1,0,0,0,0,0,0,0,0,17.50000000000001,11
767,0,1,0,1,1,1,1,1,1,1,1,16.50000000000001,1
766,0,1,0,1,1,1,1,1,1,1,0,20.16666666666668,1
765,0,1,0,1,1,1,1,1,1,0,1,20.16666666666668,1
764,0,1,0,1,1,1,1,1,1,0,0,22.91666666666668,1
763,0,1,0,1,1,1,1,1,0,1,1,20.16666666666668,1
762,0,1,0,1,1,1,1,1,0,1,0,22.91666666666668,1
761,0,1,0,1,1,1,1,1,0,0,1,22.91666666666668,1
760,0,1,0,1,1,1,1,1,0,0,0,25.03472421016593,5
759,0,1,0,1,1,1,1,0,1,1,1,20.16666666666668,1
758,0,1,0,1,1,1,1,0,1,1,0,22.91666666666668,1
757,0,1,0,1,1,1,1,0,1,0,1,22.91666666666668,1
756,0,1,0,1,1,1,1,0,1,0,0,25.035150938257832,5
755,0,1,0,1,1,1,1,0,0,1,1,22.91666666666668,1
754,0,1,0,1,1,1,1,0,0,1,0,25.035285140911455,5
753,0,1,0,1,1,1,1,0,0,0,1,25.035285140911455,5
752,0,1,0,1,1,1,1,0,0,0,0,24.9960353318968,6
751,0,1,0,1,1,1,0,1,1,1,1,20.16666666666668,1
750,0,1,0,1,1,1,0,1,1,1,0,22.91666666666668,1
749,0,1,0,1,1,1,0,1,1,0,1,22.91666666666668,1
748,0,1,0,1,1,1,0,1,1,0,0,25.027028325967898,5
747,0,1,0,1,1,1,0,1,0,1,1,22.91666666666668,1
746,0,1,0,1,1,1,0,1,0,1,0,25.02706105640071,5
745,0,1,0,1,1,1,0,1,0,0,1,25.02706105640071,5
744,0,1,0,1,1,1,0,1,0,0,0,24.99652400034768,6
743,0,1,0,1,1,1,0,0,1,1,1,22.91666666666668,1
742,0,1,0,1,1,1,0,0,1,1,0,25.02672378154308,5
741,0,1,0,1,1,1,0,0,1,0,1,25.02672378154308,5
740,0,1,0,1,1,1,0,0,1,0,0,24.996853854549506,6
739,0,1,0,1,1,1,0,0,0,1,1,25.02668483484959,5
738,0,1,0,1,1,1,0,0,0,1,0,24.996944042885485,6
737,0,1,0,1,1,1,0,0,0,0,1,24.996944042885485,6
736,0,1,0,1,1,1,0,0,0,0,0,23.91666666666668,11
735,0,1,0,1,1,0,1,1,1,1,1,20.16666666666668,1
734,0,1,0,1,1,0,1,1,1,1,0,22.91666666666668,1
733,0,1,0,1,1,0,1,1,1,0,1,22.91666666666668,1
732,0,1,0,1,1,0,1,1,1,0,0,25.010131939119034,5
731,0,1,0,1,1,0,1,1,0,1,1,22.91666666666668,1
730,0,1,0,1,1,0,1,1,0,1,0,25.010038051981255,5
729,0,1,0,1,1,0,1,1,0,0,1,25.010038051981255,5
728,0,1,0,1,1,0,1,1,0,0,0,24.990150567117233,6
727,0,1,0,1,1,0,1,0,1,1,1,22.91666666666668,1
726,0,1,0,1,1,0,1,0,1,1,0,25.00720517288066,3
725,0,1,0,1,1,0,1,0,1,0,1,25.00720517288066,3
724,0,1,0,1,1,0,1,0,1,0,0,24.99049450492782,6
723,0,1,0,1,1,0,1,0,0,1,1,25.00682977171185,3
722,0,1,0,1,1,0,1,0,0,1,0,24.990661955161652,6
721,0,1,0,1,1,0,1,0,0,0,1,24.990661955161652,6
720,0,1,0,1,1,0,1,0,0,0,0,23.91666666666668,11
719,0,1,0,1,1,0,0,1,1,1,1,22.91666666666668,1
718,0,1,0,1,1,0,0,1,1,1,0,24.981838197994414,3
717,0,1,0,1,1,0,0,1,1,0,1,24.981838197994414,3
716,0,1,0,1,1,0,0,1,1,0,0,24.99027156000276,6
715,0,1,0,1,1,0,0,1,0,1,1,24.981786481524257,3
714,0,1,0,1,1,0,0,1,0,1,0,24.99059098431759,6
713,0,1,0,1,1,0,0,1,0,0,1,24.99059098431759,6
712,0,1,0,1,1,0,0,1,0,0,0,23.91666666666668,11
711,0,1,0,1,1,0,0,0,1,1,1,24.98177410820003,3
710,0,1,0,1,1,0,0,0,1,1,0,24.990893985691695,6
709,0,1,0,1,1,0,0,0,1,0,1,24.990893985691695,6
708,0,1,0,1,1,0,0,0,1,0,0,23.91666666666668,11
707,0,1,0,1,1,0,0,0,0,1,1,24.991069955725504,6
706,0,1,0,1,1,0,0,0,0,1,0,23.91666666666668,11
705,0,1,0,1,1,0,0,0,0,0,1,23.91666666666668,11
704,0,1,0,1,1,0,0,0,0,0,0,21.16666666666668,11
703,0,1,0,1,0,1,1,1,1,1,1,20.16666666666668,1
702,0,1,0,1,0,1,1,1,1,1,0,22.91666666666668,1
701,0,1,0,1,0,1,1,1,1,0,1,22.91666666666668,1
700,0,1,0,1,0,1,1,1,1,0,0,24.96966067028153,5
699,0,1,0,1,0,1,1,1,0,1,1,22.91666666666668,1
698,0,1,0,1,0,1,1,1,0,1,0,24.969785403768153,5
697,0,1,0,1,0,1,1,1,0,0,1,24.969785403768153,5
696,0,1,0,1,0,1,1,1,0,0,0,24.977058960864863,6
695,0,1,0,1,0,1,1,0,1,1,1,22.91666666666668,1
694,0,1,0,1,0,1,1,0,1,1,0,24.955536627558505,3
693,0,1,0,1,0,1,1,0,1,0,1,24.955536627558505,3
692,0,1,0,1,0,1,1,0,1,0,0,24.977193843433387,6
691,0,1,0,1,0,1,1,0,0,1,1,24.95531249393608,3
690,0,1,0,1,0,1,1,0,0,1,0,24.977200498012454,6
689,0,1,0,1,0,1,1,0,0,0,1,24.977200498012454,6
688,0,1,0,1,0,1,1,0,0,0,0,23.91666666666668,11
687,0,1,0,1,0,1,0,1,1,1,1,22.91666666666668,1
686,0,1,0,1,0,1,0,1,1,1,0,24.932946417692953,3
685,0,1,0,1,0,1,0,1,1,0,1,24.932946417692953,3
684,0,1,0,1,0,1,0,1,1,0,0,24.97723749208874,6
683,0,1,0,1,0,1,0,1,0,1,1,24.93299387373207,3
682,0,1,0,1,0,1,0,1,0,1,0,24.977396311727777,6
681,0,1,0,1,0,1,0,1,0,0,1,24.977396311727777,6
680,0,1,0,1,0,1,0,1,0,0,0,23.91666666666668,11
679,0,1,0,1,0,1,0,0,1,1,1,24.933406386619566,3
678,0,1,0,1,0,1,0,0,1,1,0,24.97753488166543,6
677,0,1,0,1,0,1,0,0,1,0,1,24.97753488166543,6
676,0,1,0,1,0,1,0,0,1,0,0,23.91666666666668,11
675,0,1,0,1,0,1,0,0,0,1,1,24.9775533704149,6
674,0,1,0,1,0,1,0,0,0,1,0,23.91666666666668,11
673,0,1,0,1,0,1,0,0,0,0,1,23.91666666666668,11
672,0,1,0,1,0,1,0,0,0,0,0,21.16666666666668,11
671,0,1,0,1,0,0,1,1,1,1,1,22.91666666666668,1
670,0,1,0,1,0,0,1,1,1,1,0,24.910810150357392,3
669,0,1,0,1,0,0,1,1,1,0,1,24.910810150357392,3
668,0,1,0,1,0,0,1,1,1,0,0,24.977227358010296,6
667,0,1,0,1,0,0,1,1,0,1,1,24.911113343740258,3
666,0,1,0,1,0,0,1,1,0,1,0,24.977340432807708,6
665,0,1,0,1,0,0,1,1,0,0,1,24.977340432807708,6
664,0,1,0,1,0,0,1,1,0,0,0,23.91666666666668,11
663,0,1,0,1,0,0,1,0,1,1,1,24.911649030673882,3
662,0,1,0,1,0,0,1,0,1,1,0,24.977469067078868,6
661,0,1,0,1,0,0,1,0,1,0,1,24.977469067078868,6
660,0,1,0,1,0,0,1,0,1,0,0,23.91666666666668,11
659,0,1,0,1,0,0,1,0,0,1,1,24.977445543887814,6
658,0,1,0,1,0,0,1,0,0,1,0,23.91666666666668,11
657,0,1,0,1,0,0,1,0,0,0,1,23.91666666666668,11
656,0,1,0,1,0,0,1,0,0,0,0,21.16666666666668,11
655,0,1,0,1,0,0,0,1,1,1,1,24.91235562543662,3
654,0,1,0,1,0,0,0,1,1,1,0,24.97749658558821,6
653,0,1,0,1,0,0,0,1,1,0,1,24.97749658558821,6
652,0,1,0,1,0,0,0,1,1,0,0,23.91666666666668,11
651,0,1,0,1,0,0,0,1,0,1,1,24.97762211911759,6
650,0,1,0,1,0,0,0,1,0,1,0,23.91666666666668,11
649,0,1,0,1,0,0,0,1,0,0,1,23.91666666666668,11
648,0,1,0,1,0,0,0,1,0,0,0,21.16666666666668,11
647,0,1,0,1,0,0,0,0,1,1,1,24.977569574147957,6
646,0,1,0,1,0,0,0,0,1,1,0,23.91666666666668,11
645,0,1,0,1,0,0,0,0,1,0,1,23.91666666666668,11
644,0,1,0,1,0,0,0,0,1,0,0,21.16666666666668,11
643,0,1,0,1,0,0,0,0,0,1,1,23.91666666666668,11
642,0,1,0,1,0,0,0,0,0,1,0,21.16666666666668,11
641,0,1,0,1,0,0,0,0,0,0,1,21.16666666666668,11
640,0,1,0,1,0,0,0,0,0,0,0,17.50000000000001,11
639,0,1,0,0,1,1,1,1,1,1,1,20.16666666666668,1
638,0,1,0,0,1,1,1,1,1,1,0,22.91666666666668,1
637,0,1,0,0,1,1,1,1,1,0,1,22.91666666666668,1
636,0,1,0,0,1,1,1,1,1,0,0,24.886164152645865,5
635,0,1,0,0,1,1,1,1,0,1,1,22.91666666666668,1
634,0,1,0,0,1,1,1,1,0,1,0,24.88585513373499,5
633,0,1,0,0,1,1,1,1,0,0,1,24.88585513373499,5
632,0,1,0,0,1,1,1,1,0,0,0,24.92317325830645,6
631,0,1,0,0,1,1,1,0,1,1,1,22.91666666666668,1
630,0,1,0,0,1,1,1,0,1,1,0,24.885807925806997,5
629,0,1,0,0,1,1,1,0,1,0,1,24.885807925806997,5
628,0,1,0,0,1,1,1,0,1,0,0,24.92305627674995,6
627,0,1,0,0,1,1,1,0,0,1,1,24.88574688918709,5
626,0,1,0,0,1,1,1,0,0,1,0,24.923099559262592,6
625,0,1,0,0,1,1,1,0,0,0,1,24.923099559262592,6
624,0,1,0,0,1,1,1,0,0,0,0,23.91666666666668,11
623,0,1,0,0,1,1,0,1,1,1,1,22.91666666666668,1
622,0,1,0,0,1,1,0,1,1,1,0,24.88391004354459,3
621,0,1,0,0,1,1,0,1,1,0,1,24.88391004354459,3
620,0,1,0,0,1,1,0,1,1,0,0,24.922794492885668,6
619,0,1,0,0,1,1,0,1,0,1,1,24.884187363943088,3
618,0,1,0,0,1,1,0,1,0,1,0,24.9229731093992,6
617,0,1,0,0,1,1,0,1,0,0,1,24.9229731093992,6
616,0,1,0,0,1,1,0,1,0,0,0,23.91666666666668,11
615,0,1,0,0,1,1,0,0,1,1,1,24.88454834530998,3
614,0,1,0,0,1,1,0,0,1,1,0,24.922962668272998,6
613,0,1,0,0,1,1,0,0,1,0,1,24.922962668272998,6
612,0,1,0,0,1,1,0,0,1,0,0,23.91666666666668,11
611,0,1,0,0,1,1,0,0,0,1,1,24.9227013395173,6
610,0,1,0,0,1,1,0,0,0,1,0,23.91666666666668,11
609,0,1,0,0,1,1,0,0,0,0,1,23.91666666666668,11
608,0,1,0,0,1,1,0,0,0,0,0,21.16666666666668,11
607,0,1,0,0,1,0,1,1,1,1,1,22.91666666666668,1
606,0,1,0,0,1,0,1,1,1,1,0,24.86206572641008,3
605,0,1,0,0,1,0,1,1,1,0,1,24.86206572641008,3
604,0,1,0,0,1,0,1,1,1,0,0,24.92267665072371,6
603,0,1,0,0,1,0,1,1,0,1,1,24.862660508612706,3
602,0,1,0,0,1,0,1,1,0,1,0,24.922898276635575,6
601,0,1,0,0,1,0,1,1,0,0,1,24.922898276635575,6
600,0,1,0,0,1,0,1,1,0,0,0,23.91666666666668,11
599,0,1,0,0,1,0,1,0,1,1,1,24.863449152425485,3
598,0,1,0,0,1,0,1,0,1,1,0,24.923037200051656,6
597,0,1,0,0,1,0,1,0,1,0,1,24.923037200051656,6
596,0,1,0,0,1,0,1,0,1,0,0,23.91666666666668,11
595,0,1,0,0,1,0,1,0,0,1,1,24.922822478269136,6
594,0,1,0,0,1,0,1,0,0,1,0,23.91666666666668,11
593,0,1,0,0,1,0,1,0,0,0,1,23.91666666666668,11
592,0,1,0,0,1,0,1,0,0,0,0,21.16666666666668,11
591,0,1,0,0,1,0,0,1,1,1,1,24.8598580422701,5
590,0,1,0,0,1,0,0,1,1,1,0,24.9233323209842,6
589,0,1,0,0,1,0,0,1,1,0,1,24.9233323209842,6
588,0,1,0,0,1,0,0,1,1,0,0,23.91666666666668,11
587,0,1,0,0,1,0,0,1,0,1,1,24.923249921737323,6
586,0,1,0,0,1,0,0,1,0,1,0,23.91666666666668,11
585,0,1,0,0,1,0,0,1,0,0,1,23.91666666666668,11
584,0,1,0,0,1,0,0,1,0,0,0,21.16666666666668,11
583,0,1,0,0,1,0,0,0,1,1,1,24.923317242745963,6
582,0,1,0,0,1,0,0,0,1,1,0,23.91666666666668,11
581,0,1,0,0,1,0,0,0,1,0,1,23.91666666666668,11
580,0,1,0,0,1,0,0,0,1,0,0,21.16666666666668,11
579,0,1,0,0,1,0,0,0,0,1,1,23.91666666666668,11
578,0,1,0,0,1,0,0,0,0,1,0,21.16666666666668,11
577,0,1,0,0,1,0,0,0,0,0,1,21.16666666666668,11
576,0,1,0,0,1,0,0,0,0,0,0,17.50000000000001,11
575,0,1,0,0,0,1,1,1,1,1,1,22.91666666666668,1
574,0,1,0,0,0,1,1,1,1,1,0,24.826481710581973,5
573,0,1,0,0,0,1,1,1,1,0,1,24.826481710581973,5
572,0,1,0,0,0,1,1,1,1,0,0,24.899320445998892,6
571,0,1,0,0,0,1,1,1,0,1,1,24.826183590634685,5
570,0,1,0,0,0,1,1,1,0,1,0,24.899735074640947,6
569,0,1,0,0,0,1,1,1,0,0,1,24.899735074640947,6
568,0,1,0,0,0,1,1,1,0,0,0,23.91666666666668,11
567,0,1,0,0,0,1,1,0,1,1,1,24.825697174897876,5
566,0,1,0,0,0,1,1,0,1,1,0,24.900123104834865,6
565,0,1,0,0,0,1,1,0,1,0,1,24.900123104834865,6
564,0,1,0,0,0,1,1,0,1,0,0,23.91666666666668,11
563,0,1,0,0,0,1,1,0,0,1,1,24.90010775602192,6
562,0,1,0,0,0,1,1,0,0,1,0,23.91666666666668,11
561,0,1,0,0,0,1,1,0,0,0,1,23.91666666666668,11
560,0,1,0,0,0,1,1,0,0,0,0,21.16666666666668,11
559,0,1,0,0,0,1,0,1,1,1,1,24.813613076353306,5
558,0,1,0,0,0,1,0,1,1,1,0,24.900275037678036,6
557,0,1,0,0,0,1,0,1,1,0,1,24.900275037678036,6
556,0,1,0,0,0,1,0,1,1,0,0,23.91666666666668,11
555,0,1,0,0,0,1,0,1,0,1,1,24.900387231336968,6
554,0,1,0,0,0,1,0,1,0,1,0,23.91666666666668,11
553,0,1,0,0,0,1,0,1,0,0,1,23.91666666666668,11
552,0,1,0,0,0,1,0,1,0,0,0,21.16666666666668,11
551,0,1,0,0,0,1,0,0,1,1,1,24.90057877996089,6
550,0,1,0,0,0,1,0,0,1,1,0,23.91666666666668,11
549,0,1,0,0,0,1,0,0,1,0,1,23.91666666666668,11
548,0,1,0,0,0,1,0,0,1,0,0,21.16666666666668,11
547,0,1,0,0,0,1,0,0,0,1,1,23.91666666666668,11
546,0,1,0,0,0,1,0,0,0,1,0,21.16666666666668,11
545,0,1,0,0,0,1,0,0,0,0,1,21.16666666666668,11
544,0,1,0,0,0,1,0,0,0,0,0,17.50000000000001,11
543,0,1,0,0,0,0,1,1,1,1,1,24.76797107930685,5
542,0,1,0,0,0,0,1,1,1,1,0,24.889265642132486,6
541,0,1,0,0,0,0,1,1,1,0,1,24.889265642132486,6
540,0,1,0,0,0,0,1,1,1,0,0,23.91666666666668,11
539,0,1,0,0,0,0,1,1,0,1,1,24.889306860553237,6
538,0,1,0,0,0,0,1,1,0,1,0,23.91666666666668,11
537,0,1,0,0,0,0,1,1,0,0,1,23.91666666666668,11
536,0,1,0,0,0,0,1,1,0,0,0,21.16666666666668,11
535,0,1,0,0,0,0,1,0,1,1,1,24.88961558891883,6
534,0,1,0,0,0,0,1,0,1,1,0,23.91666666666668,11
533,0,1,0,0,0,0,1,0,1,0,1,23.91666666666668,11
532,0,1,0,0,0,0,1,0,1,0,0,21.16666666666668,11
531,0,1,0,0,0,0,1,0,0,1,1,23.91666666666668,11
530,0,1,0,0,0,0,1,0,0,1,0,21.16666666666668,11
529,0,1,0,0,0,0,1,0,0,0,1,21.16666666666668,11
528,0,1,0,0,0,0,1,0,0,0,0,17.50000000000001,11
527,0,1,0,0,0,0,0,1,1,1,1,24.890260902287906,6
526,0,1,0,0,0,0,0,1,1,1,0,23.91666666666668,11
525,0,1,0,0,0,0,0,1,1,0,1,23.91666666666668,11
524,0,1,0,0,0,0,0,1,1,0,0,21.16666666666668,11
523,0,1,0,0,0,0,0,1,0,1,1,23.91666666666668,11
522,0,1,0,0,0,0,0,1,0,1,0,21.16666666666668,11
521,0,1,0,0,0,0,0,1,0,0,1,21.16666666666668,11
520,0,1,0,0,0,0,0,1,0,0,0,17.50000000000001,11
519,0,1,0,0,0,0,0,0,1,1,1,23.91666666666668,11
518,0,1,0,0,0,0,0,0,1,1,0,21.16666666666668,11
517,0,1,0,0,0,0,0,0,1,0,1,21.16666666666668,11
516,0,1,0,0,0,0,0,0,1,0,0,17.50000000000001,11
515,0,1,0,0,0,0,0,0,0,1,1,21.16666666666668,11
514,0,1,0,0,0,0,0,0,0,1,0,17.50000000000001,11
513,0,1,0,0,0,0,0,0,0,0,1,17.50000000000001,11
512,0,1,0,0,0,0,0,0,0,0,0,12.000000000000009,11
511,0,0,1,1,1,1,1,1,1,1,1,16.50000000000001,1
510,0,0,1,1,1,1,1,1,1,1,0,20.16666666666668,1
509,0,0,1,1,1,1,1,1,1,0,1,20.16666666666668,1
508,0,0,1,1,1,1,1,1,1,0,0,22.91666666666668,1
507,0,0,1,1,1,1,1,1,0,1,1,20.16666666666668,1
506,0,0,1,1,1,1,1,1,0,1,0,22.91666666666668,1
505,0,0,1,1,1,1,1,1,0,0,1,22.91666666666668,1
504,0,0,1,1,1,1,1,1,0,0,0,24.740671278543417,5
503,0,0,1,1,1,1,1,0,1,1,1,20.16666666666668,1
502,0,0,1,1,1,1,1,0,1,1,0,22.91666666666668,1
501,0,0,1,1,1,1,1,0,1,0,1,22.91666666666668,1
500,0,0,1,1,1,1,1,0,1,0,0,24.740263639206777,5
499,0,0,1,1,1,1,1,0,0,1,1,22.91666666666668,1
498,0,0,1,1,1,1,1,0,0,1,0,24.740091823358604,5
497,0,0,1,1,1,1,1,0,0,0,1,24.740091823358604,5
496,0,0,1,1,1,1,1,0,0,0,0,24.68630691136521,6
495,0,0,1,1,1,1,0,1,1,1,1,20.16666666666668,1
494,0,0,1,1,1,1,0,1,1,1,0,22.91666666666668,1
493,0,0,1,1,1,1,0,1,1,0,1,22.91666666666668,1
492,0,0,1,1,1,1,0,1,1,0,0,24.734273222112645,5
491,0,0,1,1,1,1,0,1,0,1,1,22.91666666666668,1
490,0,0,1,1,1,1,0,1,0,1,0,24.734036137692808,5
489,0,0,1,1,1,1,0,1,0,0,1,24.734036137692808,5
488,0,0,1,1,1,1,0,1,0,0,0,24.685660156901832,6
487,0,0,1,1,1,1,0,0,1,1,1,22.91666666666668,1
486,0,0,1,1,1,1,0,0,1,1,0,24.733731491057988,5
485,0,0,1,1,1,1,0,0,1,0,1,24.733731491057988,5
484,0,0,1,1,1,1,0,0,1,0,0,24.685352846170396,6
483,0,0,1,1,1,1,0,0,0,1,1,24.733705037659945,5
482,0,0,1,1,1,1,0,0,0,1,0,24.6853052136526,6
481,0,0,1,1,1,1,0,0,0,0,1,24.6853052136526,6
480,0,0,1,1,1,1,0,0,0,0,0,23.91666666666668,11
479,0,0,1,1,1,0,1,1,1,1,1,20.16666666666668,1
478,0,0,1,1,1,0,1,1,1,1,0,22.91666666666668,1
477,0,0,1,1,1,0,1,1,1,0,1,22.91666666666668,1
476,0,0,1,1,1,0,1,1,1,0,0,24.721730959753735,5
475,0,0,1,1,1,0,1,1,0,1,1,22.91666666666668,1
474,0,0,1,1,1,0,1,1,0,1,0,24.721532224905985,5
473,0,0,1,1,1,0,1,1,0,0,1,24.721532224905985,5
472,0,0,1,1,1,0,1,1,0,0,0,24.68064281135695,6
471,0,0,1,1,1,0,1,0,1,1,1,22.91666666666668,1
470,0,0,1,1,1,0,1,0,1,1,0,24.72126598898096,5
469,0,0,1,1,1,0,1,0,1,0,1,24.72126598898096,5
468,0,0,1,1,1,0,1,0,1,0,0,24.680441287938848,6
467,0,0,1,1,1,0,1,0,0,1,1,24.72127826967987,5
466,0,0,1,1,1,0,1,0,0,1,0,24.680330377208655,6
465,0,0,1,1,1,0,1,0,0,0,1,24.680330377208655,6
464,0,0,1,1,1,0,1,0,0,0,0,23.91666666666668,11
463,0,0,1,1,1,0,0,1,1,1,1,22.91666666666668,1
462,0,0,1,1,1,0,0,1,1,1,0,24.720271194933115,5
461,0,0,1,1,1,0,0,1,1,0,1,24.720271194933115,5
460,0,0,1,1,1,0,0,1,1,0,0,24.680120181183177,6
459,0,0,1,1,1,0,0,1,0,1,1,24.720216213764495,5
458,0,0,1,1,1,0,0,1,0,1,0,24.680119052234602,6
457,0,0,1,1,1,0,0,1,0,0,1,24.680119052234602,6
456,0,0,1,1,1,0,0,1,0,0,0,23.91666666666668,11
455,0,0,1,1,1,0,0,0,1,1,1,24.720056114924503,5
454,0,0,1,1,1,0,0,0,1,1,0,24.67974319064552,6
453,0,0,1,1,1,0,0,0,1,0,1,24.67974319064552,6
452,0,0,1,1,1,0,0,0,1,0,0,23.91666666666668,11
451,0,0,1,1,1,0,0,0,0,1,1,24.679366809538003,6
450,0,0,1,1,1,0,0,0,0,1,0,23.91666666666668,11
449,0,0,1,1,1,0,0,0,0,0,1,23.91666666666668,11
448,0,0,1,1,1,0,0,0,0,0,0,21.16666666666668,11
447,0,0,1,1,0,1,1,1,1,1,1,20.16666666666668,1
446,0,0,1,1,0,1,1,1,1,1,0,22.91666666666668,1
445,0,0,1,1,0,1,1,1,1,0,1,22.91666666666668,1
444,0,0,1,1,0,1,1,1,1,0,0,24.69334931043356,5
443,0,0,1,1,0,1,1,1,0,1,1,22.91666666666668,1
442,0,0,1,1,0,1,1,1,0,1,0,24.69302368186747,5
441,0,0,1,1,0,1,1,1,0,0,1,24.69302368186747,5
440,0,0,1,1,0,1,1,1,0,0,0,24.671431439875477,6
439,0,0,1,1,0,1,1,0,1,1,1,22.91666666666668,1
438,0,0,1,1,0,1,1,0,1,1,0,24.692583847220018,5
437,0,0,1,1,0,1,1,0,1,0,1,24.692583847220018,5
436,0,0,1,1,0,1,1,0,1,0,0,24.67134663313221,6
435,0,0,1,1,0,1,1,0,0,1,1,24.69246569696187,5
434,0,0,1,1,0,1,1,0,0,1,0,24.671407818771154,6
433,0,0,1,1,0,1,1,0,0,0,1,24.671407818771154,6
432,0,0,1,1,0,1,1,0,0,0,0,23.91666666666668,11
431,0,0,1,1,0,1,0,1,1,1,1,22.91666666666668,1
430,0,0,1,1,0,1,0,1,1,1,0,24.69194110716766,5
429,0,0,1,1,0,1,0,1,1,0,1,24.69194110716766,5
428,0,0,1,1,0,1,0,1,1,0,0,24.670911535976114,6
427,0,0,1,1,0,1,0,1,0,1,1,24.691759261747347,5
426,0,0,1,1,0,1,0,1,0,1,0,24.671084087313165,6
425,0,0,1,1,0,1,0,1,0,0,1,24.671084087313165,6
424,0,0,1,1,0,1,0,1,0,0,0,23.91666666666668,11
423,0,0,1,1,0,1,0,0,1,1,1,24.691492816783295,5
422,0,0,1,1,0,1,0,0,1,1,0,24.67093508565145,6
421,0,0,1,1,0,1,0,0,1,0,1,24.67093508565145,6
420,0,0,1,1,0,1,0,0,1,0,0,23.91666666666668,11
419,0,0,1,1,0,1,0,0,0,1,1,24.67073526200849,6
418,0,0,1,1,0,1,0,0,0,1,0,23.91666666666668,11
417,0,0,1,1,0,1,0,0,0,0,1,23.91666666666668,11
416,0,0,1,1,0,1,0,0,0,0,0,21.16666666666668,11
415,0,0,1,1,0,0,1,1,1,1,1,22.91666666666668,1
414,0,0,1,1,0,0,1,1,1,1,0,24.680521033206958,5
413,0,0,1,1,0,0,1,1,1,0,1,24.680521033206958,5
412,0,0,1,1,0,0,1,1,1,0,0,24.670683240549927,6
411,0,0,1,1,0,0,1,1,0,1,1,24.680341853509542,5
410,0,0,1,1,0,0,1,1,0,1,0,24.670895705326682,6
409,0,0,1,1,0,0,1,1,0,0,1,24.670895705326682,6
408,0,0,1,1,0,0,1,1,0,0,0,23.91666666666668,11
407,0,0,1,1,0,0,1,0,1,1,1,24.68009984213028,5
406,0,0,1,1,0,0,1,0,1,1,0,24.670877929789945,6
405,0,0,1,1,0,0,1,0,1,0,1,24.670877929789945,6
404,0,0,1,1,0,0,1,0,1,0,0,23.91666666666668,11
403,0,0,1,1,0,0,1,0,0,1,1,24.670714994786856,6
402,0,0,1,1,0,0,1,0,0,1,0,23.91666666666668,11
401,0,0,1,1,0,0,1,0,0,0,1,23.91666666666668,11
400,0,0,1,1,0,0,1,0,0,0,0,21.16666666666668,11
399,0,0,1,1,0,0,0,1,1,1,1,24.669843241026822,5
398,0,0,1,1,0,0,0,1,1,1,0,24.6709264821064,6
397,0,0,1,1,0,0,0,1,1,0,1,24.6709264821064,6
396,0,0,1,1,0,0,0,1,1,0,0,23.91666666666668,11
395,0,0,1,1,0,0,0,1,0,1,1,24.670877426398246,6
394,0,0,1,1,0,0,0,1,0,1,0,23.91666666666668,11
393,0,0,1,1,0,0,0,1,0,0,1,23.91666666666668,11
392,0,0,1,1,0,0,0,1,0,0,0,21.16666666666668,11
391,0,0,1,1,0,0,0,0,1,1,1,24.67095192769379,6
390,0,0,1,1,0,0,0,0,1,1,0,23.91666666666668,11
389,0,0,1,1,0,0,0,0,1,0,1,23.91666666666668,11
388,0,0,1,1,0,0,0,0,1,0,0,21.16666666666668,11
387,0,0,1,1,0,0,0,0,0,1,1,23.91666666666668,11
386,0,0,1,1,0,0,0,0,0,1,0,21.16666666666668,11
385,0,0,1,1,0,0,0,0,0,0,1,21.16666666666668,11
384,0,0,1,1,0,0,0,0,0,0,0,17.50000000000001,11
383,0,0,1,0,1,1,1,1,1,1,1,20.16666666666668,1
382,0,0,1,0,1,1,1,1,1,1,0,22.91666666666668,1
381,0,0,1,0,1,1,1,1,1,0,1,22.91666666666668,1
380,0,0,1,0,1,1,1,1,1,0,0,24.62961818994972,5
379,0,0,1,0,1,1,1,1,0,1,1,22.91666666666668,1
378,0,0,1,0,1,1,1,1,0,1,0,24.629470733123245,5
377,0,0,1,0,1,1,1,1,0,0,1,24.629470733123245,5
376,0,0,1,0,1,1,1,1,0,0,0,24.632308956991356,6
375,0,0,1,0,1,1,1,0,1,1,1,22.91666666666668,1
374,0,0,1,0,1,1,1,0,1,1,0,24.629002142764993,5
373,0,0,1,0,1,1,1,0,1,0,1,24.629002142764993,5
372,0,0,1,0,1,1,1,0,1,0,0,24.632327580477337,6
371,0,0,1,0,1,1,1,0,0,1,1,24.62895988110481,5
370,0,0,1,0,1,1,1,0,0,1,0,24.632219517090913,6
369,0,0,1,0,1,1,1,0,0,0,1,24.632219517090913,6
368,0,0,1,0,1,1,1,0,0,0,0,23.91666666666668,11
367,0,0,1,0,1,1,0,1,1,1,1,22.91666666666668,1
366,0,0,1,0,1,1,0,1,1,1,0,24.628048145092745,5
365,0,0,1,0,1,1,0,1,1,0,1,24.628048145092745,5
364,0,0,1,0,1,1,0,1,1,0,0,24.63213147042292,6
363,0,0,1,0,1,1,0,1,0,1,1,24.62794399646245,5
362,0,0,1,0,1,1,0,1,0,1,0,24.632138322728384,6
361,0,0,1,0,1,1,0,1,0,0,1,24.632138322728384,6
360,0,0,1,0,1,1,0,1,0,0,0,23.91666666666668,11
359,0,0,1,0,1,1,0,0,1,1,1,24.62775234030732,5
358,0,0,1,0,1,1,0,0,1,1,0,24.632013027253567,6
357,0,0,1,0,1,1,0,0,1,0,1,24.632013027253567,6
356,0,0,1,0,1,1,0,0,1,0,0,23.91666666666668,11
355,0,0,1,0,1,1,0,0,0,1,1,24.63191901697684,6
354,0,0,1,0,1,1,0,0,0,1,0,23.91666666666668,11
353,0,0,1,0,1,1,0,0,0,0,1,23.91666666666668,11
352,0,0,1,0,1,1,0,0,0,0,0,21.16666666666668,11
351,0,0,1,0,1,0,1,1,1,1,1,22.91666666666668,1
350,0,0,1,0,1,0,1,1,1,1,0,24.61689987183291,5
349,0,0,1,0,1,0,1,1,1,0,1,24.61689987183291,5
348,0,0,1,0,1,0,1,1,1,0,0,24.632099601381164,6
347,0,0,1,0,1,0,1,1,0,1,1,24.616820431072576,5
346,0,0,1,0,1,0,1,1,0,1,0,24.63207291972891,6
345,0,0,1,0,1,0,1,1,0,0,1,24.63207291972891,6
344,0,0,1,0,1,0,1,1,0,0,0,23.91666666666668,11
343,0,0,1,0,1,0,1,0,1,1,1,24.616608373077547,5
342,0,0,1,0,1,0,1,0,1,1,0,24.63193682848472,6
341,0,0,1,0,1,0,1,0,1,0,1,24.63193682848472,6
340,0,0,1,0,1,0,1,0,1,0,0,23.91666666666668,11
339,0,0,1,0,1,0,1,0,0,1,1,24.63180634850741,6
338,0,0,1,0,1,0,1,0,0,1,0,23.91666666666668,11
337,0,0,1,0,1,0,1,0,0,0,1,23.91666666666668,11
336,0,0,1,0,1,0,1,0,0,0,0,21.16666666666668,11
335,0,0,1,0,1,0,0,1,1,1,1,24.606730662717354,5
334,0,0,1,0,1,0,0,1,1,1,0,24.631720972102798,6
333,0,0,1,0,1,0,0,1,1,0,1,24.631720972102798,6
332,0,0,1,0,1,0,0,1,1,0,0,23.91666666666668,11
331,0,0,1,0,1,0,0,1,0,1,1,24.63170783413052,6
330,0,0,1,0,1,0,0,1,0,1,0,23.91666666666668,11
329,0,0,1,0,1,0,0,1,0,0,1,23.91666666666668,11
328,0,0,1,0,1,0,0,1,0,0,0,21.16666666666668,11
327,0,0,1,0,1,0,0,0,1,1,1,24.631579703494126,6
326,0,0,1,0,1,0,0,0,1,1,0,23.91666666666668,11
325,0,0,1,0,1,0,0,0,1,0,1,23.91666666666668,11
324,0,0,1,0,1,0,0,0,1,0,0,21.16666666666668,11
323,0,0,1,0,1,0,0,0,0,1,1,23.91666666666668,11
322,0,0,1,0,1,0,0,0,0,1,0,21.16666666666668,11
321,0,0,1,0,1,0,0,0,0,0,1,21.16666666666668,11
320,0,0,1,0,1,0,0,0,0,0,0,17.50000000000001,11
319,0,0,1,0,0,1,1,1,1,1,1,22.91666666666668,1
318,0,0,1,0,0,1,1,1,1,1,0,24.57694489414658,5
317,0,0,1,0,0,1,1,1,1,0,1,24.57694489414658,5
316,0,0,1,0,0,1,1,1,1,0,0,24.61504339199481,6
315,0,0,1,0,0,1,1,1,0,1,1,24.576894813100356,5
314,0,0,1,0,0,1,1,1,0,1,0,24.614897296292714,6
313,0,0,1,0,0,1,1,1,0,0,1,24.614897296292714,6
312,0,0,1,0,0,1,1,1,0,0,0,23.91666666666668,11
311,0,0,1,0,0,1,1,0,1,1,1,24.576791491755312,5
310,0,0,1,0,0,1,1,0,1,1,0,24.61464089321252,6
309,0,0,1,0,0,1,1,0,1,0,1,24.61464089321252,6
308,0,0,1,0,0,1,1,0,1,0,0,23.91666666666668,11
307,0,0,1,0,0,1,1,0,0,1,1,24.614391047272903,6
306,0,0,1,0,0,1,1,0,0,1,0,23.91666666666668,11
305,0,0,1,0,0,1,1,0,0,0,1,23.91666666666668,11
304,0,0,1,0,0,1,1,0,0,0,0,21.16666666666668,11
303,0,0,1,0,0,1,0,1,1,1,1,24.567198436279625,5
302,0,0,1,0,0,1,0,1,1,1,0,24.614629420663434,6
301,0,0,1,0,0,1,0,1,1,0,1,24.614629420663434,6
300,0,0,1,0,0,1,0,1,1,0,0,23.91666666666668,11
299,0,0,1,0,0,1,0,1,0,1,1,24.614493984483524,6
298,0,0,1,0,0,1,0,1,0,1,0,23.91666666666668,11
297,0,0,1,0,0,1,0,1,0,0,1,23.91666666666668,11
296,0,0,1,0,0,1,0,1,0,0,0,21.16666666666668,11
295,0,0,1,0,0,1,0,0,1,1,1,24.614207952618752,6
294,0,0,1,0,0,1,0,0,1,1,0,23.91666666666668,11
293,0,0,1,0,0,1,0,0,1,0,1,23.91666666666668,11
292,0,0,1,0,0,1,0,0,1,0,0,21.16666666666668,11
291,0,0,1,0,0,1,0,0,0,1,1,23.91666666666668,11
290,0,0,1,0,0,1,0,0,0,1,0,21.16666666666668,11
289,0,0,1,0,0,1,0,0,0,0,1,21.16666666666668,11
288,0,0,1,0,0,1,0,0,0,0,0,17.50000000000001,11
287,0,0,1,0,0,0,1,1,1,1,1,24.531286481748683,5
286,0,0,1,0,0,0,1,1,1,1,0,24.605655327666813,6
285,0,0,1,0,0,0,1,1,1,0,1,24.605655327666813,6
284,0,0,1,0,0,0,1,1,1,0,0,23.91666666666668,11
283,0,0,1,0,0,0,1,1,0,1,1,24.605580692702727,6
282,0,0,1,0,0,0,1,1,0,1,0,23.91666666666668,11
281,0,0,1,0,0,0,1,1,0,0,1,23.91666666666668,11
280,0,0,1,0,0,0,1,1,0,0,0,21.16666666666668,11
279,0,0,1,0,0,0,1,0,1,1,1,24.605303703382813,6
278,0,0,1,0,0,0,1,0,1,1,0,23.91666666666668,11
277,0,0,1,0,0,0,1,0,1,0,1,23.91666666666668,11
276,0,0,1,0,0,0,1,0,1,0,0,21.16666666666668,11
275,0,0,1,0,0,0,1,0,0,1,1,23.91666666666668,11
274,0,0,1,0,0,0,1,0,0,1,0,21.16666666666668,11
273,0,0,1,0,0,0,1,0,0,0,1,21.16666666666668,11
272,0,0,1,0,0,0,1,0,0,0,0,17.50000000000001,11
271,0,0,1,0,0,0,0,1,1,1,1,24.604855165094868,6
270,0,0,1,0,0,0,0,1,1,1,0,23.91666666666668,11
269,0,0,1,0,0,0,0,1,1,0,1,23.91666666666668,11
268,0,0,1,0,0,0,0,1,1,0,0,21.16666666666668,11
267,0,0,1,0,0,0,0,1,0,1,1,23.91666666666668,11
266,0,0,1,0,0,0,0,1,0,1,0,21.16666666666668,11
265,0,0,1,0,0,0,0,1,0,0,1,21.16666666666668,11
264,0,0,1,0,0,0,0,1,0,0,0,17.50000000000001,11
263,0,0,1,0,0,0,0,0,1,1,1,23.91666666666668,11
262,0,0,1,0,0,0,0,0,1,1,0,21.16666666666668,11
261,0,0,1,0,0,0,0,0,1,0,1,21.16666666666668,11
260,0,0,1,0,0,0,0,0,1,0,0,17.50000000000001,11
259,0,0,1,0,0,0,0,0,0,1,1,21.16666666666668,11
258,0,0,1,0,0,0,0,0,0,1,0,17.50000000000001,11
257,0,0,1,0,0,0,0,0,0,0,1,17.50000000000001,11
256,0,0,1,0,0,0,0,0,0,0,0,12.000000000000009,11
255,0,0,0,1,1,1,1,1,1,1,1,20.16666666666668,1
254,0,0,0,1,1,1,1,1,1,1,0,22.91666666666668,1
253,0,0,0,1,1,1,1,1,1,0,1,22.91666666666668,1
252,0,0,0,1,1,1,1,1,1,0,0,24.510569788263016,5
251,0,0,0,1,1,1,1,1,0,1,1,22.91666666666668,1
250,0,0,0,1,1,1,1,1,0,1,0,24.5103301818078,5
249,0,0,0,1,1,1,1,1,0,0,1,24.5103301818078,5
248,0,0,0,1,1,1,1,1,0,0,0,24.493802097262606,6
247,0,0,0,1,1,1,1,0,1,1,1,22.91666666666668,1
246,0,0,0,1,1,1,1,0,1,1,0,24.509752728134796,5
245,0,0,0,1,1,1,1,0,1,0,1,24.509752728134796,5
244,0,0,0,1,1,1,1,0,1,0,0,24.494194077450647,6
243,0,0,0,1,1,1,1,0,0,1,1,24.509594597990112,5
242,0,0,0,1,1,1,1,0,0,1,0,24.494324656569418,6
241,0,0,0,1,1,1,1,0,0,0,1,24.494324656569418,6
240,0,0,0,1,1,1,1,0,0,0,0,23.91666666666668,11
239,0,0,0,1,1,1,0,1,1,1,1,22.91666666666668,1
238,0,0,0,1,1,1,0,1,1,1,0,24.508619476314955,5
237,0,0,0,1,1,1,0,1,1,0,1,24.508619476314955,5
236,0,0,0,1,1,1,0,1,1,0,0,24.494155187473012,6
235,0,0,0,1,1,1,0,1,0,1,1,24.50846456806552,5
234,0,0,0,1,1,1,0,1,0,1,0,24.494218812419238,6
233,0,0,0,1,1,1,0,1,0,0,1,24.494218812419238,6
232,0,0,0,1,1,1,0,1,0,0,0,23.91666666666668,11
231,0,0,0,1,1,1,0,0,1,1,1,24.508207060283766,5
230,0,0,0,1,1,1,0,0,1,1,0,24.494047072324967,6
229,0,0,0,1,1,1,0,0,1,0,1,24.494047072324967,6
228,0,0,0,1,1,1,0,0,1,0,0,23.91666666666668,11
227,0,0,0,1,1,1,0,0,0,1,1,24.494075930098965,6
226,0,0,0,1,1,1,0,0,0,1,0,23.91666666666668,11
225,0,0,0,1,1,1,0,0,0,0,1,23.91666666666668,11
224,0,0,0,1,1,1,0,0,0,0,0,21.16666666666668,11
223,0,0,0,1,1,0,1,1,1,1,1,22.91666666666668,1
222,0,0,0,1,1,0,1,1,1,1,0,24.49782932526072,5
221,0,0,0,1,1,0,1,1,1,0,1,24.49782932526072,5
220,0,0,0,1,1,0,1,1,1,0,0,24.494027378577673,6
219,0,0,0,1,1,0,1,1,0,1,1,24.497712706722652,5
218,0,0,0,1,1,0,1,1,0,1,0,24.49400855862166,6
217,0,0,0,1,1,0,1,1,0,0,1,24.49400855862166,6
216,0,0,0,1,1,0,1,1,0,0,0,23.91666666666668,11
215,0,0,0,1,1,0,1,0,1,1,1,24.49734761039956,5
214,0,0,0,1,1,0,1,0,1,1,0,24.494034406504696,6
213,0,0,0,1,1,0,1,0,1,0,1,24.494034406504696,6
212,0,0,0,1,1,0,1,0,1,0,0,23.91666666666668,11
211,0,0,0,1,1,0,1,0,0,1,1,24.49398234820713,6
210,0,0,0,1,1,0,1,0,0,1,0,23.91666666666668,11
209,0,0,0,1,1,0,1,0,0,0,1,23.91666666666668,11
208,0,0,0,1,1,0,1,0,0,0,0,21.16666666666668,11
207,0,0,0,1,1,0,0,1,1,1,1,24.48854814634945,5
206,0,0,0,1,1,0,0,1,1,1,0,24.493691154380702,6
205,0,0,0,1,1,0,0,1,1,0,1,24.493691154380702,6
204,0,0,0,1,1,0,0,1,1,0,0,23.91666666666668,11
203,0,0,0,1,1,0,0,1,0,1,1,24.493569910842083,6
202,0,0,0,1,1,0,0,1,0,1,0,23.91666666666668,11
201,0,0,0,1,1,0,0,1,0,0,1,23.91666666666668,11
200,0,0,0,1,1,0,0,1,0,0,0,21.16666666666668,11
199,0,0,0,1,1,0,0,0,1,1,1,24.493311629817192,6
198,0,0,0,1,1,0,0,0,1,1,0,23.91666666666668,11
197,0,0,0,1,1,0,0,0,1,0,1,23.91666666666668,11
196,0,0,0,1,1,0,0,0,1,0,0,21.16666666666668,11
195,0,0,0,1,1,0,0,0,0,1,1,23.91666666666668,11
194,0,0,0,1,1,0,0,0,0,1,0,21.16666666666668,11
193,0,0,0,1,1,0,0,0,0,0,1,21.16666666666668,11
192,0,0,0,1,1,0,0,0,0,0,0,17.50000000000001,11
191,0,0,0,1,0,1,1,1,1,1,1,22.91666666666668,1
190,0,0,0,1,0,1,1,1,1,1,0,24.46192628872755,5
189,0,0,0,1,0,1,1,1,1,0,1,24.46192628872755,5
188,0,0,0,1,0,1,1,1,1,0,0,24.479061454245024,6
187,0,0,0,1,0,1,1,1,0,1,1,24.461774150322416,5
186,0,0,0,1,0,1,1,1,0,1,0,24.47912091040418,6
185,0,0,0,1,0,1,1,1,0,0,1,24.47912091040418,6
184,0,0,0,1,0,1,1,1,0,0,0,23.91666666666668,11
183,0,0,0,1,0,1,1,0,1,1,1,24.46146709329696,5
182,0,0,0,1,0,1,1,0,1,1,0,24.47917766172494,6
181,0,0,0,1,0,1,1,0,1,0,1,24.47917766172494,6
180,0,0,0,1,0,1,1,0,1,0,0,23.91666666666668,11
179,0,0,0,1,0,1,1,0,0,1,1,24.479203341917877,6
178,0,0,0,1,0,1,1,0,0,1,0,23.91666666666668,11
177,0,0,0,1,0,1,1,0,0,0,1,23.91666666666668,11
176,0,0,0,1,0,1,1,0,0,0,0,21.16666666666668,11
175,0,0,0,1,0,1,0,1,1,1,1,24.45288651780361,5
174,0,0,0,1,0,1,0,1,1,1,0,24.47902540832827,6
173,0,0,0,1,0,1,0,1,1,0,1,24.47902540832827,6
172,0,0,0,1,0,1,0,1,1,0,0,23.91666666666668,11
171,0,0,0,1,0,1,0,1,0,1,1,24.478980973141553,6
170,0,0,0,1,0,1,0,1,0,1,0,23.91666666666668,11
169,0,0,0,1,0,1,0,1,0,0,1,23.91666666666668,11
168,0,0,0,1,0,1,0,1,0,0,0,21.16666666666668,11
167,0,0,0,1,0,1,0,0,1,1,1,24.478724656999198,6
166,0,0,0,1,0,1,0,0,1,1,0,23.91666666666668,11
165,0,0,0,1,0,1,0,0,1,0,1,23.91666666666668,11
164,0,0,0,1,0,1,0,0,1,0,0,21.16666666666668,11
163,0,0,0,1,0,1,0,0,0,1,1,23.91666666666668,11
162,0,0,0,1,0,1,0,0,0,1,0,21.16666666666668,11
161,0,0,0,1,0,1,0,0,0,0,1,21.16666666666668,11
160,0,0,0,1,0,1,0,0,0,0,0,17.50000000000001,11
159,0,0,0,1,0,0,1,1,1,1,1,24.420227775726822,5
158,0,0,0,1,0,0,1,1,1,1,0,24.471442349525628,6
157,0,0,0,1,0,0,1,1,1,0,1,24.471442349525628,6
156,0,0,0,1,0,0,1,1,1,0,0,23.91666666666668,11
155,0,0,0,1,0,0,1,1,0,1,1,24.471409024271153,6
154,0,0,0,1,0,0,1,1,0,1,0,23.91666666666668,11
153,0,0,0,1,0,0,1,1,0,0,1,23.91666666666668,11
152,0,0,0,1,0,0,1,1,0,0,0,21.16666666666668,11
151,0,0,0,1,0,0,1,0,1,1,1,24.47138656375725,6
150,0,0,0,1,0,0,1,0,1,1,0,23.91666666666668,11
149,0,0,0,1,0,0,1,0,1,0,1,23.91666666666668,11
148,0,0,0,1,0,0,1,0,1,0,0,21.16666666666668,11
147,0,0,0,1,0,0,1,0,0,1,1,23.91666666666668,11
146,0,0,0,1,0,0,1,0,0,1,0,21.16666666666668,11
145,0,0,0,1,0,0,1,0,0,0,1,21.16666666666668,11
144,0,0,0,1,0,0,1,0,0,0,0,17.50000000000001,11
143,0,0,0,1,0,0,0,1,1,1,1,24.471153993641746,6
142,0,0,0,1,0,0,0,1,1,1,0,23.91666666666668,11
141,0,0,0,1,0,0,0,1,1,0,1,23.91666666666668,11
140,0,0,0,1,0,0,0,1,1,0,0,21.16666666666668,11
139,0,0,0,1,0,0,0,1,0,1,1,23.91666666666668,11
138,0,0,0,1,0,0,0,1,0,1,0,21.16666666666668,11
137,0,0,0,1,0,0,0,1,0,0,1,21.16666666666668,11
136,0,0,0,1,0,0,0,1,0,0,0,17.50000000000001,11
135,0,0,0,1,0,0,0,0,1,1,1,23.91666666666668,11
134,0,0,0,1,0,0,0,0,1,1,0,21.16666666666668,11
133,0,0,0,1,0,0,0,0,1,0,1,21.16666666666668,11
132,0,0,0,1,0,0,0,0,1,0,0,17.50000000000001,11
131,0,0,0,1,0,0,0,0,0,1,1,21.16666666666668,11
130,0,0,0,1,0,0,0,0,0,1,0,17.50000000000001,11
129,0,0,0,1,0,0,0,0,0,0,1,17.50000000000001,11
128,0,0,0,1,0,0,0,0,0,0,0,12.000000000000009,11
127,0,0,0,0,1,1,1,1,1,1,1,22.91666666666668,1
126,0,0,0,0,1,1,1,1,1,1,0,24.379975035336283,5
125,0,0,0,0,1,1,1,1,1,0,1,24.379975035336283,5
124,0,0,0,0,1,1,1,1,1,0,0,24.39392585116248,6
123,0,0,0,0,1,1,1,1,0,1,1,24.37995704192314,5
122,0,0,0,0,1,1,1,1,0,1,0,24.393692345761735,6
121,0,0,0,0,1,1,1,1,0,0,1,24.393692345761735,6
120,0,0,0,0,1,1,1,1,0,0,0,23.91666666666668,11
119,0,0,0,0,1,1,1,0,1,1,1,24.379771235932925,5
118,0,0,0,0,1,1,1,0,1,1,0,24.393644364300105,6
117,0,0,0,0,1,1,1,0,1,0,1,24.393644364300105,6
116,0,0,0,0,1,1,1,0,1,0,0,23.91666666666668,11
115,0,0,0,0,1,1,1,0,0,1,1,24.39358305923166,6
114,0,0,0,0,1,1,1,0,0,1,0,23.91666666666668,11
113,0,0,0,0,1,1,1,0,0,0,1,23.91666666666668,11
112,0,0,0,0,1,1,1,0,0,0,0,21.16666666666668,11
111,0,0,0,0,1,1,0,1,1,1,1,24.371784035872626,5
110,0,0,0,0,1,1,0,1,1,1,0,24.393623169130176,6
109,0,0,0,0,1,1,0,1,1,0,1,24.393623169130176,6
108,0,0,0,0,1,1,0,1,1,0,0,23.91666666666668,11
107,0,0,0,0,1,1,0,1,0,1,1,24.393505587249905,6
106,0,0,0,0,1,1,0,1,0,1,0,23.91666666666668,11
105,0,0,0,0,1,1,0,1,0,0,1,23.91666666666668,11
104,0,0,0,0,1,1,0,1,0,0,0,21.16666666666668,11
103,0,0,0,0,1,1,0,0,1,1,1,24.39329347754392,6
102,0,0,0,0,1,1,0,0,1,1,0,23.91666666666668,11
101,0,0,0,0,1,1,0,0,1,0,1,23.91666666666668,11
100,0,0,0,0,1,1,0,0,1,0,0,21.16666666666668,11
99,0,0,0,0,1,1,0,0,0,1,1,23.91666666666668,11
98,0,0,0,0,1,1,0,0,0,1,0,21.16666666666668,11
97,0,0,0,0,1,1,0,0,0,0,1,21.16666666666668,11
96,0,0,0,0,1,1,0,0,0,0,0,17.50000000000001,11
95,0,0,0,0,1,0,1,1,1,1,1,24.341182182836917,5
94,0,0,0,0,1,0,1,1,1,1,0,24.38680162437174,6
93,0,0,0,0,1,0,1,1,1,0,1,24.38680162437174,6
92,0,0,0,0,1,0,1,1,1,0,0,23.91666666666668,11
91,0,0,0,0,1,0,1,1,0,1,1,24.386629778863725,6
90,0,0,0,0,1,0,1,1,0,1,0,23.91666666666668,11
89,0,0,0,0,1,0,1,1,0,0,1,23.91666666666668,11
88,0,0,0,0,1,0,1,1,0,0,0,21.16666666666668,11
87,0,0,0,0,1,0,1,0,1,1,1,24.386309094668725,6
86,0,0,0,0,1,0,1,0,1,1,0,23.91666666666668,11
85,0,0,0,0,1,0,1,0,1,0,1,23.91666666666668,11
84,0,0,0,0,1,0,1,0,1,0,0,21.16666666666668,11
83,0,0,0,0,1,0,1,0,0,1,1,23.91666666666668,11
82,0,0,0,0,1,0,1,0,0,1,0,21.16666666666668,11
81,0,0,0,0,1,0,1,0,0,0,1,21.16666666666668,11
80,0,0,0,0,1,0,1,0,0,0,0,17.50000000000001,11
79,0,0,0,0,1,0,0,1,1,1,1,24.38557513789572,6
78,0,0,0,0,1,0,0,1,1,1,0,23.91666666666668,11
77,0,0,0,0,1,0,0,1,1,0,1,23.91666666666668,11
76,0,0,0,0,1,0,0,1,1,0,0,21.16666666666668,11
75,0,0,0,0,1,0,0,1,0,1,1,23.91666666666668,11
74,0,0,0,0,1,0,0,1,0,1,0,21.16666666666668,11
73,0,0,0,0,1,0,0,1,0,0,1,21.16666666666668,11
72,0,0,0,0,1,0,0,1,0,0,0,17.50000000000001,11
71,0,0,0,0,1,0,0,0,1,1,1,23.91666666666668,11
70,0,0,0,0,1,0,0,0,1,1,0,21.16666666666668,11
69,0,0,0,0,1,0,0,0,1,0,1,21.16666666666668,11
68,0,0,0,0,1,0,0,0,1,0,0,17.50000000000001,11
67,0,0,0,0,1,0,0,0,0,1,1,21.16666666666668,11
66,0,0,0,0,1,0,0,0,0,1,0,17.50000000000001,11
65,0,0,0,0,1,0,0,0,0,0,1,17.50000000000001,11
64,0,0,0,0,1,0,0,0,0,0,0,12.000000000000009,11
63,0,0,0,0,0,1,1,1,1,1,1,24.268732343580982,5
62,0,0,0,0,0,1,1,1,1,1,0,24.331833359827034,6
61,0,0,0,0,0,1,1,1,1,0,1,24.331833359827034,6
60,0,0,0,0,0,1,1,1,1,0,0,23.91666666666668,11
59,0,0,0,0,0,1,1,1,0,1,1,24.331621124273102,6
58,0,0,0,0,0,1,1,1,0,1,0,23.91666666666668,11
57,0,0,0,0,0,1,1,1,0,0,1,23.91666666666668,11
56,0,0,0,0,0,1,1,1,0,0,0,21.16666666666668,11
55,0,0,0,0,0,1,1,0,1,1,1,24.331259308579774,6
54,0,0,0,0,0,1,1,0,1,1,0,23.91666666666668,11
53,0,0,0,0,0,1,1,0,1,0,1,23.91666666666668,11
52,0,0,0,0,0,1,1,0,1,0,0,21.16666666666668,11
51,0,0,0,0,0,1,1,0,0,1,1,23.91666666666668,11
50,0,0,0,0,0,1,1,0,0,1,0,21.16666666666668,11
49,0,0,0,0,0,1,1,0,0,0,1,21.16666666666668,11
48,0,0,0,0,0,1,1,0,0,0,0,17.50000000000001,11
47,0,0,0,0,0,1,0,1,1,1,1,24.330377680571466,6
46,0,0,0,0,0,1,0,1,1,1,0,23.91666666666668,11
45,0,0,0,0,0,1,0,1,1,0,1,23.91666666666668,11
44,0,0,0,0,0,1,0,1,1,0,0,21.16666666666668,11
43,0,0,0,0,0,1,0,1,0,1,1,23.91666666666668,11
42,0,0,0,0,0,1,0,1,0,1,0,21.16666666666668,11
41,0,0,0,0,0,1,0,1,0,0,1,21.16666666666668,11
40,0,0,0,0,0,1,0,1,0,0,0,17.50000000000001,11
39,0,0,0,0,0,1,0,0,1,1,1,23.91666666666668,11
38,0,0,0,0,0,1,0,0,1,1,0,21.16666666666668,11
37,0,0,0,0,0,1,0,0,1,0,1,21.16666666666668,11
36,0,0,0,0,0,1,0,0,1,0,0,17.50000000000001,11
35,0,0,0,0,0,1,0,0,0,1,1,21.16666666666668,11
34,0,0,0,0,0,1,0,0,0,1,0,17.50000000000001,11
33,0,0,0,0,0,1,0,0,0,0,1,17.50000000000001,11
32,0,0,0,0,0,1,0,0,0,0,0,12.000000000000009,11
31,0,0,0,0,0,0,1,1,1,1,1,24.30177901119649,6
30,0,0,0,0,0,0,1,1,1,1,0,23.91666666666668,11
29,0,0,0,0,0,0,1,1,1,0,1,23.91666666666668,11
28,0,0,0,0,0,0,1,1,1,0,0,21.16666666666668,11
27,0,0,0,0,0,0,1,1,0,1,1,23.91666666666668,11
26,0,0,0,0,0,0,1,1,0,1,0,21.16666666666668,11
25,0,0,0,0,0,0,1,1,0,0,1,21.16666666666668,11
24,0,0,0,0,0,0,1,1,0,0,0,17.50000000000001,11
23,0,0,0,0,0,0,1,0,1,1,1,23.91666666666668,11
22,0,0,0,0,0,0,1,0,1,1,0,21.16666666666668,11
21,0,0,0,0,0,0,1,0,1,0,1,21.16666666666668,11
20,0,0,0,0,0,0,1,0,1,0,0,17.50000000000001,11
19,0,0,0,0,0,0,1,0,0,1,1,21.16666666666668,11
18,0,0,0,0,0,0,1,0,0,1,0,17.50000000000001,11
17,0,0,0,0,0,0,1,0,0,0,1,17.50000000000001,11
16,0,0,0,0,0,0,1,0,0,0,0,12.000000000000009,11
15,0,0,0,0,0,0,0,1,1,1,1,23.91666666666668,11
14,0,0,0,0,0,0,0,1,1,1,0,21.16666666666668,11
13,0,0,0,0,0,0,0,1,1,0,1,21.16666666666668,11
12,0,0,0,0,0,0,0,1,1,0,0,17.50000000000001,11
11,0,0,0,0,0,0,0,1,0,1,1,21.16666666666668,11
10,0,0,0,0,0,0,0,1,0,1,0,17.50000000000001,11
9,0,0,0,0,0,0,0,1,0,0,1,17.50000000000001,11
8,0,0,0,0,0,0,0,1,0,0,0,12.000000000000009,11
7,0,0,0,0,0,0,0,0,1,1,1,21.16666666666668,11
6,0,0,0,0,0,0,0,0,1,1,0,17.50000000000001,11
5,0,0,0,0,0,0,0,0,1,0,1,17.50000000000001,11
4,0,0,0,0,0,0,0,0,1,0,0,12.000000000000009,11
3,0,0,0,0,0,0,0,0,0,1,1,17.50000000000001,11
2,0,0,0,0,0,0,0,0,0,1,0,12.000000000000009,11
1,0,0,0,0,0,0,0,0,0,0,1,12.000000000000009,11
0,0,0,0,0,0,0,0,0,0,0,0,1.0,11
