,optimal,"""optimal"""
1,"(501.0, 500)","(749.4999999999508, 499)"
2,"(750.9999999999509, 500)","(915.9999999999183, 499)"
3,"(917.6666666665848, 500)","(1040.9166666665606, 499)"
4,"(1042.6666666665603, 500)","(1140.8666666665408, 499)"
5,"(1142.6666666665406, 500)","(1224.1666666665244, 499)"
6,"(1225.9999999998577, 500)","(1295.571428571272, 499)"
7,"(1297.428571428415, 500)","(1358.0535714284026, 499)"
8,"(1359.9285714284024, 500)","(1413.5952380950582, 499)"
9,"(1415.484126983947, 500)","(1463.584126983937, 499)"
10,"(1465.4841269839371, 500)","(1509.029581529383, 499)"
11,"(1510.9386724384735, 500)","(1550.6886724384663, 499)"
12,"(1552.6053391051323, 500)","(1589.1438006435865, 499)"
13,"(1591.0668775666632, 500)","(1624.8525918523706, 499)"
14,"(1626.7811632809419, 500)","(1658.1811632809354, 499)"
15,"(1660.1144966142685, 500)","(1689.4269966142626, 499)"
16,"(1691.3644966142624, 500)","(1718.8350848495506, 499)"
17,"(1720.776261320139, 500)","(1746.609594653467, 499)"
18,"(1748.5540390979113, 500)","(1772.9224601505382, 499)"
19,"(1774.8698285715907, 500)","(1797.9198285715863, 499)"
20,"(1799.869828571586, 500)","(1821.7269714287245, 499)"
21,"(1823.6793523811052, 500)","(1844.452079653828, 499)"
22,"(1846.4066251083734, 500)","(1866.1892338040218, 499)"
23,"(1868.1457555431516, 500)","(1887.0207555431475, 499)"
24,"(1888.9790888764808, 500)","(1907.019088876477, 499)"
25,"(1908.979088876477, 500)","(1926.2483196457044, 499)"
26,"(1928.2098581072426, 500)","(1944.7654136627943, 499)"
27,"(1946.7283766257574, 500)","(1962.6212337686115, 499)"
28,"(1964.5855194828966, 500)","(1979.8613815518586, 499)"
29,"(1981.826898793238, 500)","(1996.5268987932347, 499)"
30,"(1998.4935654599012, 500)","(2012.6548557824792, 499)"
31,"(2014.6225977179627, 500)","(2028.2788477179597, 499)"
32,"(2030.2475977179595, 500)","(2043.4294158997754, 499)"
33,"(2045.399112869472, 500)","(2058.134406987116, 499)"
34,"(2060.1049952224103, 500)","(2072.4192809366937, 499)"
35,"(2074.3907095081217, 500)","(2086.3073761747864, 499)"
36,"(2088.279598397008, 500)","(2099.8201389375463, 499)"
37,"(2101.793111910519, 500)","(2112.9773224368328, 499)"
38,"(2114.951006647359, 500)","(2125.7971604935105, 499)"
39,"(2127.7715194678694, 500)","(2138.2965194678673, 499)"
40,"(2140.271519467867, 500)","(2150.491031662987, 499)"
41,"(2152.466641419084, 500)","(2162.3952128476535, 499)"
42,"(2164.371403323844, 500)","(2174.022566114539, 499)"
43,"(2175.9993103005854, 500)","(2185.3856739369467, 499)"
44,"(2187.3629466642196, 500)","(2196.4962799975506, 499)"
45,"(2198.4740577753287, 500)","(2207.365362123153, 499)"
46,"(2209.343622992718, 500)","(2218.0031974608005, 499)"
47,"(2219.981920865056, 500)","(2228.4194208650542, 499)"
48,"(2230.3985875317208, 500)","(2238.623077327637, 499)"
49,"(2240.6026691643715, 500)","(2248.62266916437, 499)"
50,"(2250.6026691643697, 500)","(2258.4261985761327, 499)"
51,"(2260.4065907329955, 500)","(2268.0412061176094, 499)"
52,"(2270.0219753483784, 500)","(2277.474805537056, 499)"
53,"(2279.4559376125276, 500)","(2286.7337153903036, 499)"
54,"(2288.715196871785, 500)","(2295.824287780874, 499)"
55,"(2297.806105962692, 500)","(2304.7525345341187, 499)"
56,"(2306.734677391262, 500)","(2313.524151075471, 499)"
57,"(2315.5066072158215, 500)","(2322.144538250303, 499)"
58,"(2324.1272968709923, 500)","(2330.618822294719, 499)"
59,"(2332.601873142177, 500)","(2338.951873142176, 499)"
60,"(2340.9352064755085, 500)","(2347.148321229605, 499)"
61,"(2349.131927786982, 500)","(2355.2125729482705, 499)"
62,"(2357.1964439160124, 500)","(2363.148824868392, 499)"
63,"(2365.132951852519, 500)","(2370.961076852517, 499)"
64,"(2372.945451852517, 500)","(2378.6531441602083, 499)"
65,"(2380.6377595448234, 500)","(2386.228668635731, 499)"
66,"(2388.213517120579, 500)","(2393.6911290608764, 499)"
67,"(2395.6762036877417, 500)","(2401.0438507465637, 499)"
68,"(2403.029144864211, 500)","(2408.290014429427, 499)"
69,"(2410.275521675804, 500)","(2415.432664532945, 499)"
70,"(2417.41837881866, 500)","(2422.4747168468275, 499)"
71,"(2424.4606323397857, 500)","(2429.418965673118, 499)"
72,"(2431.4050767842286, 500)","(2436.268090482857, 499)"
73,"(2438.2543918527203, 500)","(2443.02466212299, 499)"
74,"(2445.011148609476, 500)","(2449.691148609475, 499)"
75,"(2451.6778152761417, 500)","(2456.2699205392987, 499)"
76,"(2458.2567626445616, 500)","(2462.763256151054, 499)"
77,"(2464.750269138067, 500)","(2469.1733460611426, 499)"
78,"(2471.1605255483223, 500)","(2475.50229770022, 499)"
79,"(2477.4896394723714, 500)","(2481.75213947237, 499)"
80,"(2483.73963947237, 500)","(2487.9248246575544, 499)"
81,"(2489.912478978542, 500)","(2494.022235076102, 499)"
82,"(2496.01003995415, 500)","(2500.046184532463, 499)"
83,"(2502.0341363396915, 500)","(2513.8350741283934, 497)"
84,"(2507.9865172920713, 500)","(2519.580163953123, 497)"
85,"(2513.8688702332465, 500)","(2525.2599920243442, 497)"
86,"(2519.6828237216173, 500)","(2530.876024368586, 497)"
87,"(2525.429950158398, 500)","(2536.429678162646, 497)"
88,"(2531.111768340215, 500)","(2541.9223238800396, 497)"
89,"(2536.729745868304, 500)","(2547.3552873208396, 497)"
90,"(2542.285301423858, 500)","(2552.7298515324237, 497)"
91,"(2547.7798069183623, 500)","(2558.047258628094, 497)"
92,"(2553.2145895270573, 500)","(2563.308711510009, 497)"
93,"(2558.590933613078, 500)","(2568.5153755024157, 497)"
94,"(2563.910082549247, 500)","(2573.668379900724, 497)"
95,"(2569.1732404439826, 500)","(2578.7688194415737, 497)"
96,"(2574.3815737773148, 500)","(2583.817755698674, 497)"
97,"(2579.536212952571, 500)","(2588.816218408888, 497)"
98,"(2584.638253768897, 500)","(2593.765206732681, 497)"
99,"(2589.688758819401, 500)","(2598.6656904528036, 497)"
100,"(2594.6887588194, 500)","(2603.518611114811, 497)"
101,"(2599.639253868904, 500)","(2608.3248831127644, 497)"
102,"(2604.5412146532167, 500)","(2613.0853947232436, 497)"
103,"(2609.3955835852544, 500)","(2617.8010090906096, 497)"
104,"(2614.2032758929454, 500)","(2622.472565166236, 497)"
105,"(2618.965180654849, 500)","(2627.1008786042726, 497)"
106,"(2623.682161786923, 500)","(2631.6867426163344, 497)"
107,"(2628.3550589831843, 500)","(2636.230928787339, 497)"
108,"(2632.984688612813, 500)","(2640.734187854632, 497)"
109,"(2637.571844576115, 500)","(2645.197250452314, 497)"
110,"(2642.1172991215685, 500)","(2649.620827822656, 497)"
111,"(2646.621803626072, 500)","(2654.0056124963194, 497)"
112,"(2651.086089340357, 500)","(2658.352278943007, 497)"
113,"(2655.510868101418, 500)","(2662.6614841940864, 497)"
114,"(2659.8968330136977, 500)","(2666.933868438592, 497)"
115,"(2664.2446591006533, 500)","(2671.1700555940115, 497)"
116,"(2668.5550039282384, 500)","(2675.3706538530605, 497)"
117,"(2672.828508201742, 500)","(2683.9594159416406, 495)"
118,"(2677.065796337334, 500)","(2688.021393086376, 495)"
119,"(2681.2674770096023, 500)","(2692.0506372299847, 495)"
120,"(2685.434143676268, 500)","(2696.047671699648, 495)"
121,"(2689.5663750812255, 500)","(2700.013007371987, 495)"
122,"(2693.664735736962, 500)","(2703.947143064898, 495)"
123,"(2697.729776387368, 500)","(2707.8505659140988, 495)"
124,"(2701.762034451883, 500)","(2711.723751735096, 495)"
125,"(2705.7620344518823, 500)","(2715.5671653712247, 495)"
126,"(2709.730288420136, 500)","(2719.381261028432, 495)"
127,"(2713.6672962941507, 500)","(2723.1664825973817, 495)"
128,"(2717.5735462941498, 500)","(2726.923263963455, 495)"
129,"(2721.4495152863974, 500)","(2730.6520293052004, 495)"
130,"(2725.2956691325503, 500)","(2734.353193381731, 495)"
131,"(2729.112463025679, 500)","(2738.027161809572, 495)"
132,"(2732.900341813557, 500)","(2741.6743313294, 495)"
133,"(2736.659740309797, 500)","(2745.2950900631367, 495)"
134,"(2740.3910835933784, 500)","(2748.889817761787, 495)"
135,"(2744.0947872970814, 500)","(2752.458886044455, 495)"
136,"(2747.771257885316, 500)","(2756.002658628862, 495)"
137,"(2751.4208929218116, 500)","(2762.72607239138, 493)"
138,"(2755.044081327608, 500)","(2766.1698656677077, 493)"
139,"(2758.641203629766, 500)","(2769.5901021978007, 493)"
140,"(2762.212632201194, 500)","(2772.9871020590926, 493)"
141,"(2765.7587314919733, 500)","(2776.361178849577, 493)"
142,"(2769.279858252536, 500)","(2779.712639861511, 493)"
143,"(2772.7763617490386, 500)","(2783.0417862493528, 493)"
144,"(2776.24858397126, 500)","(2786.348913192137, 493)"
145,"(2779.696859833328, 500)","(2789.6343100505123, 493)"
146,"(2783.1215173675737, 500)","(2792.898260518665, 493)"
147,"(2786.522877911791, 500)","(2796.141042771308, 493)"
148,"(2789.9012562901685, 500)","(2799.3629296059294, 493)"
149,"(2793.2569609881543, 500)","(2802.5641885805057, 493)"
150,"(2796.5902943214874, 500)","(2805.745082146815, 493)"
151,"(2799.901552599632, 500)","(2811.4497402067045, 491)"
152,"(2803.1910262838414, 500)","(2814.549177888279, 491)"
153,"(2806.4590001400497, 500)","(2817.629521393562, 491)"
154,"(2809.7057533868024, 500)","(2820.6910045365967, 491)"
155,"(2812.9315598384146, 500)","(2823.733856862987, 491)"
156,"(2816.136688043542, 500)","(2826.7583037531563, 491)"
157,"(2819.3214014193377, 500)","(2829.764566522514, 491)"
158,"(2822.4859583813623, 500)","(2832.752862518629, 491)"
159,"(2825.6306124694115, 500)","(2835.7226973643146, 491)"
160,"(2828.755612469411, 500)","(2838.6744495223093, 491)"
161,"(2831.861202531522, 500)","(2843.7375641812714, 489)"
162,"(2834.947622284608, 500)","(2846.606349296185, 489)"
163,"(2838.015106947184, 500)","(2849.4495625019067, 489)"
164,"(2841.063887434989, 500)","(2852.2685637459144, 489)"
165,"(2844.0941904652914, 500)","(2855.059160049486, 489)"
166,"(2847.106238658062, 500)","(2857.822639381207, 489)"
167,"(2850.100250634109, 500)","(2860.556438326382, 489)"
168,"(2853.0534970795024, 500)","(2863.261544306334, 489)"
169,"(2855.969941740215, 500)","(2867.7071975492886, 487)"
170,"(2858.8530802130435, 500)","(2870.3124588798314, 487)"
171,"(2861.702622303727, 500)","(2872.8895617803746, 487)"
172,"(2864.5188653784244, 500)","(2875.4389762984283, 487)"
173,"(2867.3025570347368, 500)","(2877.961033570214, 487)"
174,"(2870.054276306115, 500)","(2880.4559070866653, 487)"
175,"(2872.774543309901, 500)","(2884.44655367546, 485)"
176,"(2875.463895635159, 500)","(2886.849714884397, 485)"
177,"(2878.1228612637005, 500)","(2889.2262718483094, 485)"
178,"(2880.7519514956557, 500)","(2891.575086585183, 485)"
179,"(2883.3516665403217, 500)","(2895.258083325321, 483)"
180,"(2885.9224961817085, 500)","(2897.513883910484, 483)"
181,"(2888.46491922296, 500)","(2899.7417014829816, 483)"
182,"(2890.9794038605182, 500)","(2901.940512355049, 483)"
183,"(2893.4664080947796, 500)","(2905.3170999016784, 481)"
184,"(2895.9263799771165, 500)","(2907.4228516076005, 481)"
185,"(2898.3481634214927, 500)","(2909.5002624316853, 481)"
186,"(2900.7310290822584, 500)","(2911.5483490610445, 481)"
187,"(2903.079024077304, 500)","(2914.6277752039528, 479)"
188,"(2905.3927489355247, 500)","(2916.584560591193, 479)"
189,"(2907.6724760901448, 500)","(2918.512721736038, 479)"
190,"(2909.91899088491, 500)","(2920.4116487783403, 479)"
191,"(2912.1329675432294, 500)","(2923.203449705406, 477)"
192,"(2914.3150530520084, 500)","(2925.0126827102827, 477)"
193,"(2916.465898348854, 500)","(2927.6454098049853, 475)"
194,"(2918.586123338694, 500)","(2929.3661796522456, 475)"
195,"(2920.664889870667, 500)","(2931.8441210774704, 473)"
196,"(2922.7054212436724, 500)","(2933.4777420864266, 473)"
197,"(2924.711585522561, 500)","(2935.0828904850464, 473)"
198,"(2926.683213845855, 500)","(2936.6587500588303, 473)"
199,"(2928.62103337074, 500)","(2938.8731860775174, 471)"
200,"(2930.5259063251137, 500)","(2940.363938714526, 471)"
201,"(2932.3945848677627, 500)","(2942.4345619660553, 469)"
202,"(2934.222340755374, 500)","(2943.842025655177, 469)"
203,"(2936.0138487605495, 500)","(2946.319688359932, 465)"
204,"(2937.771219121225, 500)","(2947.621348381444, 465)"
205,"(2939.494467437478, 500)","(2949.388053704494, 463)"
206,"(2941.1786632315466, 500)","(2950.6111016110467, 463)"
207,"(2942.823432412902, 500)","(2952.24838048322, 461)"
208,"(2944.432998337064, 500)","(2953.394469698544, 461)"
209,"(2946.008458801945, 500)","(2955.2988672438573, 457)"
210,"(2947.5419225654928, 500)","(2956.3488905593376, 457)"
211,"(2949.0380828426096, 500)","(2957.71736284643, 455)"
212,"(2950.5003914155723, 500)","(2958.6948082686313, 455)"
213,"(2951.920302026295, 500)","(2960.2516934331634, 451)"
214,"(2953.3036295406855, 500)","(2961.1399152300037, 451)"
215,"(2954.649001653382, 500)","(2962.5251167664255, 447)"
216,"(2955.9552662149536, 500)","(2963.328265655118, 447)"
217,"(2957.2233538004302, 500)","(2964.7726394304086, 441)"
218,"(2958.4528605364767, 500)","(2965.47953646145, 441)"
219,"(2959.642618065876, 500)","(2966.5347926017917, 437)"
220,"(2960.7942195115806, 500)","(2967.1668892427747, 437)"
221,"(2961.9063692131494, 500)","(2968.2365884335163, 431)"
222,"(2962.978326922255, 500)","(2968.7865826576804, 431)"
223,"(2964.0110988465963, 500)","(2969.6844422456834, 425)"
224,"(2965.0041986424944, 500)","(2970.1612539801936, 425)"
225,"(2965.9573985338247, 500)","(2971.0006940830312, 417)"
226,"(2966.8706130910446, 500)","(2971.4047130577965, 417)"
227,"(2967.7438987934634, 500)","(2972.0718992214247, 409)"
228,"(2968.5761344445964, 500)","(2972.415302180761, 409)"
229,"(2969.368210868231, 500)","(2972.934471908518, 401)"
230,"(2970.1193405734434, 500)","(2973.2279500353125, 401)"
231,"(2970.8296049679166, 500)","(2973.6620954503524, 391)"
232,"(2971.4990520919314, 500)","(2973.9096928370227, 391)"
233,"(2972.1274235791902, 500)","(2974.2503764784465, 379)"
234,"(2972.7143829996517, 500)","(2974.457542546656, 379)"
235,"(2973.2601213181956, 500)","(2974.690579894842, 367)"
236,"(2973.7646481056704, 500)","(2974.867169953792, 367)"
237,"(2974.227997955162, 500)","(2975.0360583245997, 353)"
238,"(2974.6360653333527, 477)","(2975.188365604867, 353)"
239,"(2974.8996216969813, 436)","(2975.3064419880957, 337)"
240,"(2975.083099753812, 412)","(2975.4411944996573, 337)"
241,"(2975.22608355681, 392)","(2975.520436466191, 319)"
242,"(2975.3444103234256, 376)","(2975.6437446001282, 319)"
243,"(2975.4455695958313, 360)","(2975.6909923186176, 299)"
244,"(2975.533546705279, 346)","(2975.8076343489583, 299)"
245,"(2975.6101886741853, 330)","(2975.8232071086113, 277)"
246,"(2975.676010642938, 316)","(2975.93636937235, 277)"
247,"(2975.7304570174756, 300)","(2975.925436880815, 249)"
248,"(2975.7722546241052, 284)","(2976.032158046327, 249)"
249,"(2975.7993338282245, 266)","(2976.8902755888234, 499)"
250,"(2975.809273105018, 250)","(2975.9077472961617, 251)"
251,"(2975.7985430068834, 233)","(2975.9009938275817, 223)"
252,"(2975.764918328009, 217)","(2975.872663546486, 201)"
253,"(2975.7055346307598, 201)","(2975.81930803503, 181)"
254,"(2975.6176344293776, 185)","(2975.735857461228, 163)"
255,"(2975.4987716701617, 169)","(2975.620081137568, 147)"
256,"(2975.3466866667295, 155)","(2975.467484082497, 133)"
257,"(2975.159521701885, 143)","(2975.2775473028805, 121)"
258,"(2974.9355620652223, 129)","(2975.0525451979347, 109)"
259,"(2974.6735362920663, 119)","(2974.7865601091066, 99)"
260,"(2974.372513916121, 109)","(2974.476346287821, 91)"
261,"(2974.031504241934, 99)","(2974.1312311689976, 83)"
262,"(2973.650247402781, 89)","(2973.7459562477134, 75)"
263,"(2973.227997955162, 83)","(2973.3174818378593, 69)"
264,"(2972.7646481056704, 75)","(2972.8476998778015, 63)"
265,"(2972.2601213181956, 69)","(2972.334485011004, 59)"
266,"(2971.7143829996517, 63)","(2971.787859689249, 53)"
267,"(2971.1274235791902, 57)","(2971.1954798999236, 49)"
268,"(2970.4990520919314, 53)","(2970.5618011138076, 45)"
269,"(2969.8296049679166, 49)","(2969.8821809846518, 43)"
270,"(2969.1193405734434, 45)","(2969.171873231324, 39)"
271,"(2968.368210868231, 41)","(2968.41192616551, 37)"
272,"(2967.5761344445964, 39)","(2967.616499835305, 35)"
273,"(2966.7438987934634, 35)","(2966.786976765378, 31)"
274,"(2965.8706130910446, 33)","(2965.9106034116994, 29)"
275,"(2964.9573985338247, 31)","(2964.992556758632, 27)"
276,"(2964.0041986424944, 29)","(2964.0297652606523, 27)"
277,"(2963.0110988465963, 27)","(2963.0355792871983, 25)"
278,"(2961.978326922255, 25)","(2962.004393834575, 23)"
279,"(2960.9063692131494, 23)","(2960.9307569219827, 21)"
280,"(2959.7942195115806, 23)","(2959.812909973813, 21)"
281,"(2958.642618065876, 21)","(2958.6619680798754, 19)"
282,"(2957.4528605364767, 19)","(2957.468260211323, 19)"
283,"(2956.2233538004302, 19)","(2956.239712676046, 17)"
284,"(2954.9552662149536, 17)","(2954.9694426113615, 17)"
285,"(2953.649001653382, 17)","(2953.6641347859627, 15)"
286,"(2952.3036295406855, 15)","(2952.316128775911, 15)"
287,"(2950.920302026295, 15)","(2950.937300891866, 13)"
288,"(2949.5003914155723, 13)","(2949.5076923571933, 13)"
289,"(2948.0380828426096, 13)","(2948.047480557096, 13)"
290,"(2946.5419225654928, 13)","(2946.5550683186502, 11)"
291,"(2945.008458801945, 11)","(2945.013366915678, 11)"
292,"(2943.432998337064, 11)","(2943.437006928783, 11)"
293,"(2941.823432412902, 11)","(2941.828915269931, 11)"
294,"(2940.1786632315466, 11)","(2940.1866059083845, 9)"
295,"(2938.494467437478, 9)","(2938.496444757553, 9)"
296,"(2936.771219121225, 9)","(2936.773284311602, 9)"
297,"(2935.0138487605495, 9)","(2935.0153888042296, 9)"
298,"(2933.222340755374, 9)","(2933.224805287593, 9)"
299,"(2931.3945848677627, 9)","(2931.3985127783026, 7)"
300,"(2929.5259063251137, 7)","(2929.5259063251137, 7)"
301,"(2927.62103337074, 7)","(2927.62103337074, 7)"
302,"(2925.683213845855, 7)","(2925.683213845855, 7)"
303,"(2923.711585522561, 7)","(2923.711585522561, 7)"
304,"(2921.7054212436724, 7)","(2921.7054212436724, 7)"
305,"(2919.664889870667, 7)","(2919.664889870667, 7)"
306,"(2917.586123338694, 5)","(2917.586123338694, 5)"
307,"(2915.465898348854, 5)","(2915.465898348854, 5)"
308,"(2913.3150530520084, 5)","(2913.3150530520084, 5)"
309,"(2911.1329675432294, 5)","(2911.1329675432294, 5)"
310,"(2908.91899088491, 5)","(2908.91899088491, 5)"
311,"(2906.6724760901448, 5)","(2906.6724760901448, 5)"
312,"(2904.3927489355247, 5)","(2904.3927489355247, 5)"
313,"(2902.079024077304, 5)","(2902.079024077304, 5)"
314,"(2899.7310290822584, 5)","(2899.7310290822584, 5)"
315,"(2897.3481634214927, 5)","(2897.3481634214927, 5)"
316,"(2894.9263799771165, 3)","(2894.9263799771165, 3)"
317,"(2892.4664080947796, 3)","(2892.4664080947796, 3)"
318,"(2889.9794038605182, 3)","(2889.9794038605182, 3)"
319,"(2887.46491922296, 3)","(2887.46491922296, 3)"
320,"(2884.9224961817085, 3)","(2884.9224961817085, 3)"
321,"(2882.3516665403217, 3)","(2882.3516665403217, 3)"
322,"(2879.7519514956557, 3)","(2879.7519514956557, 3)"
323,"(2877.1228612637005, 3)","(2877.1228612637005, 3)"
324,"(2874.463895635159, 3)","(2874.463895635159, 3)"
325,"(2871.774543309901, 3)","(2871.774543309901, 3)"
326,"(2869.054276306115, 3)","(2869.054276306115, 3)"
327,"(2866.3025570347368, 3)","(2866.3025570347368, 3)"
328,"(2863.5188653784244, 3)","(2863.5188653784244, 3)"
329,"(2860.702622303727, 3)","(2860.702622303727, 3)"
330,"(2857.8530802130435, 3)","(2857.8530802130435, 3)"
331,"(2854.969941740215, 3)","(2854.969941740215, 3)"
332,"(2852.0534970795024, 3)","(2852.0534970795024, 3)"
333,"(2849.100250634109, 1)","(2849.100250634109, 1)"
334,"(2846.106238658062, 1)","(2846.106238658062, 1)"
335,"(2843.0941904652914, 1)","(2843.0941904652914, 1)"
336,"(2840.063887434989, 1)","(2840.063887434989, 1)"
337,"(2837.015106947184, 1)","(2837.015106947184, 1)"
338,"(2833.947622284608, 1)","(2833.947622284608, 1)"
339,"(2830.861202531522, 1)","(2830.861202531522, 1)"
340,"(2827.755612469411, 1)","(2827.755612469411, 1)"
341,"(2824.6306124694115, 1)","(2824.6306124694115, 1)"
342,"(2821.4859583813623, 1)","(2821.4859583813623, 1)"
343,"(2818.3214014193377, 1)","(2818.3214014193377, 1)"
344,"(2815.136688043542, 1)","(2815.136688043542, 1)"
345,"(2811.9315598384146, 1)","(2811.9315598384146, 1)"
346,"(2808.7057533868024, 1)","(2808.7057533868024, 1)"
347,"(2805.4590001400497, 1)","(2805.4590001400497, 1)"
348,"(2802.1910262838414, 1)","(2802.1910262838414, 1)"
349,"(2798.901552599632, 1)","(2798.901552599632, 1)"
350,"(2795.5902943214874, 1)","(2795.5902943214874, 1)"
351,"(2792.2569609881543, 1)","(2792.2569609881543, 1)"
352,"(2788.9012562901685, 1)","(2788.9012562901685, 1)"
353,"(2785.522877911791, 1)","(2785.522877911791, 1)"
354,"(2782.1215173675737, 1)","(2782.1215173675737, 1)"
355,"(2778.696859833328, 1)","(2778.696859833328, 1)"
356,"(2775.24858397126, 1)","(2775.24858397126, 1)"
357,"(2771.7763617490386, 1)","(2771.7763617490386, 1)"
358,"(2768.279858252536, 1)","(2768.279858252536, 1)"
359,"(2764.7587314919733, 1)","(2764.7587314919733, 1)"
360,"(2761.212632201194, 1)","(2761.212632201194, 1)"
361,"(2757.641203629766, 1)","(2757.641203629766, 1)"
362,"(2754.044081327608, 1)","(2754.044081327608, 1)"
363,"(2750.4208929218116, 1)","(2750.4208929218116, 1)"
364,"(2746.771257885316, 1)","(2746.771257885316, 1)"
365,"(2743.0947872970814, 1)","(2743.0947872970814, 1)"
366,"(2739.3910835933784, 1)","(2739.3910835933784, 1)"
367,"(2735.659740309797, 1)","(2735.659740309797, 1)"
368,"(2731.900341813557, 1)","(2731.900341813557, 1)"
369,"(2728.112463025679, 1)","(2728.112463025679, 1)"
370,"(2724.2956691325503, 1)","(2724.2956691325503, 1)"
371,"(2720.4495152863974, 1)","(2720.4495152863974, 1)"
372,"(2716.5735462941498, 1)","(2716.5735462941498, 1)"
373,"(2712.6672962941507, 1)","(2712.6672962941507, 1)"
374,"(2708.730288420136, 1)","(2708.730288420136, 1)"
375,"(2704.7620344518823, 1)","(2704.7620344518823, 1)"
376,"(2700.762034451883, 1)","(2700.762034451883, 1)"
377,"(2696.729776387368, 1)","(2696.729776387368, 1)"
378,"(2692.664735736962, 1)","(2692.664735736962, 1)"
379,"(2688.5663750812255, 1)","(2688.5663750812255, 1)"
380,"(2684.434143676268, 1)","(2684.434143676268, 1)"
381,"(2680.2674770096023, 1)","(2680.2674770096023, 1)"
382,"(2676.065796337334, 1)","(2676.065796337334, 1)"
383,"(2671.828508201742, 1)","(2671.828508201742, 1)"
384,"(2667.5550039282384, 1)","(2667.5550039282384, 1)"
385,"(2663.2446591006533, 1)","(2663.2446591006533, 1)"
386,"(2658.8968330136977, 1)","(2658.8968330136977, 1)"
387,"(2654.510868101418, 1)","(2654.510868101418, 1)"
388,"(2650.086089340357, 1)","(2650.086089340357, 1)"
389,"(2645.621803626072, 1)","(2645.621803626072, 1)"
390,"(2641.1172991215685, 1)","(2641.1172991215685, 1)"
391,"(2636.571844576115, 1)","(2636.571844576115, 1)"
392,"(2631.984688612813, 1)","(2631.984688612813, 1)"
393,"(2627.3550589831843, 1)","(2627.3550589831843, 1)"
394,"(2622.682161786923, 1)","(2622.682161786923, 1)"
395,"(2617.965180654849, 1)","(2617.965180654849, 1)"
396,"(2613.2032758929454, 1)","(2613.2032758929454, 1)"
397,"(2608.3955835852544, 1)","(2608.3955835852544, 1)"
398,"(2603.5412146532167, 1)","(2603.5412146532167, 1)"
399,"(2598.639253868904, 1)","(2598.639253868904, 1)"
400,"(2593.6887588194, 1)","(2593.6887588194, 1)"
401,"(2588.688758819401, 1)","(2588.688758819401, 1)"
402,"(2583.638253768897, 1)","(2583.638253768897, 1)"
403,"(2578.536212952571, 1)","(2578.536212952571, 1)"
404,"(2573.3815737773148, 1)","(2573.3815737773148, 1)"
405,"(2568.1732404439826, 1)","(2568.1732404439826, 1)"
406,"(2562.910082549247, 1)","(2562.910082549247, 1)"
407,"(2557.590933613078, 1)","(2557.590933613078, 1)"
408,"(2552.2145895270573, 1)","(2552.2145895270573, 1)"
409,"(2546.7798069183623, 1)","(2546.7798069183623, 1)"
410,"(2541.285301423858, 1)","(2541.285301423858, 1)"
411,"(2535.729745868304, 1)","(2535.729745868304, 1)"
412,"(2530.111768340215, 1)","(2530.111768340215, 1)"
413,"(2524.429950158398, 1)","(2524.429950158398, 1)"
414,"(2518.6828237216173, 1)","(2518.6828237216173, 1)"
415,"(2512.8688702332465, 1)","(2512.8688702332465, 1)"
416,"(2506.9865172920713, 1)","(2506.9865172920713, 1)"
417,"(2501.0341363396915, 1)","(2501.0341363396915, 1)"
418,"(2495.01003995415, 1)","(2495.01003995415, 1)"
419,"(2488.912478978542, 1)","(2488.912478978542, 1)"
420,"(2482.73963947237, 1)","(2482.73963947237, 1)"
421,"(2476.4896394723714, 1)","(2476.4896394723714, 1)"
422,"(2470.1605255483223, 1)","(2470.1605255483223, 1)"
423,"(2463.750269138067, 1)","(2463.750269138067, 1)"
424,"(2457.2567626445616, 1)","(2457.2567626445616, 1)"
425,"(2450.6778152761417, 1)","(2450.6778152761417, 1)"
426,"(2444.011148609476, 1)","(2444.011148609476, 1)"
427,"(2437.2543918527203, 1)","(2437.2543918527203, 1)"
428,"(2430.4050767842286, 1)","(2430.4050767842286, 1)"
429,"(2423.4606323397857, 1)","(2423.4606323397857, 1)"
430,"(2416.41837881866, 1)","(2416.41837881866, 1)"
431,"(2409.275521675804, 1)","(2409.275521675804, 1)"
432,"(2402.029144864211, 1)","(2402.029144864211, 1)"
433,"(2394.6762036877417, 1)","(2394.6762036877417, 1)"
434,"(2387.213517120579, 1)","(2387.213517120579, 1)"
435,"(2379.6377595448234, 1)","(2379.6377595448234, 1)"
436,"(2371.945451852517, 1)","(2371.945451852517, 1)"
437,"(2364.132951852519, 1)","(2364.132951852519, 1)"
438,"(2356.1964439160124, 1)","(2356.1964439160124, 1)"
439,"(2348.131927786982, 1)","(2348.131927786982, 1)"
440,"(2339.9352064755085, 1)","(2339.9352064755085, 1)"
441,"(2331.601873142177, 1)","(2331.601873142177, 1)"
442,"(2323.1272968709923, 1)","(2323.1272968709923, 1)"
443,"(2314.5066072158215, 1)","(2314.5066072158215, 1)"
444,"(2305.734677391262, 1)","(2305.734677391262, 1)"
445,"(2296.806105962692, 1)","(2296.806105962692, 1)"
446,"(2287.715196871785, 1)","(2287.715196871785, 1)"
447,"(2278.4559376125276, 1)","(2278.4559376125276, 1)"
448,"(2269.0219753483784, 1)","(2269.0219753483784, 1)"
449,"(2259.4065907329955, 1)","(2259.4065907329955, 1)"
450,"(2249.6026691643697, 1)","(2249.6026691643697, 1)"
451,"(2239.6026691643715, 1)","(2239.6026691643715, 1)"
452,"(2229.3985875317208, 1)","(2229.3985875317208, 1)"
453,"(2218.981920865056, 1)","(2218.981920865056, 1)"
454,"(2208.343622992718, 1)","(2208.343622992718, 1)"
455,"(2197.4740577753287, 1)","(2197.4740577753287, 1)"
456,"(2186.3629466642196, 1)","(2186.3629466642196, 1)"
457,"(2174.9993103005854, 1)","(2174.9993103005854, 1)"
458,"(2163.371403323844, 1)","(2163.371403323844, 1)"
459,"(2151.466641419084, 1)","(2151.466641419084, 1)"
460,"(2139.271519467867, 1)","(2139.271519467867, 1)"
461,"(2126.7715194678694, 1)","(2126.7715194678694, 1)"
462,"(2113.951006647359, 1)","(2113.951006647359, 1)"
463,"(2100.793111910519, 1)","(2100.793111910519, 1)"
464,"(2087.279598397008, 1)","(2087.279598397008, 1)"
465,"(2073.3907095081217, 1)","(2073.3907095081217, 1)"
466,"(2059.1049952224103, 1)","(2059.1049952224103, 1)"
467,"(2044.399112869472, 1)","(2044.399112869472, 1)"
468,"(2029.2475977179595, 1)","(2029.2475977179595, 1)"
469,"(2013.6225977179627, 1)","(2013.6225977179627, 1)"
470,"(1997.4935654599012, 1)","(1997.4935654599012, 1)"
471,"(1980.826898793238, 1)","(1980.826898793238, 1)"
472,"(1963.5855194828966, 1)","(1963.5855194828966, 1)"
473,"(1945.7283766257574, 1)","(1945.7283766257574, 1)"
474,"(1927.2098581072426, 1)","(1927.2098581072426, 1)"
475,"(1907.979088876477, 1)","(1907.979088876477, 1)"
476,"(1887.9790888764808, 1)","(1887.9790888764808, 1)"
477,"(1867.1457555431516, 1)","(1867.1457555431516, 1)"
478,"(1845.4066251083734, 1)","(1845.4066251083734, 1)"
479,"(1822.6793523811052, 1)","(1822.6793523811052, 1)"
480,"(1798.869828571586, 1)","(1798.869828571586, 1)"
481,"(1773.8698285715907, 1)","(1773.8698285715907, 1)"
482,"(1747.5540390979113, 1)","(1747.5540390979113, 1)"
483,"(1719.776261320139, 1)","(1719.776261320139, 1)"
484,"(1690.3644966142624, 1)","(1690.3644966142624, 1)"
485,"(1659.1144966142685, 1)","(1659.1144966142685, 1)"
486,"(1625.7811632809419, 1)","(1625.7811632809419, 1)"
487,"(1590.0668775666632, 1)","(1590.0668775666632, 1)"
488,"(1551.6053391051323, 1)","(1551.6053391051323, 1)"
489,"(1509.9386724384735, 1)","(1509.9386724384735, 1)"
490,"(1464.4841269839371, 1)","(1464.4841269839371, 1)"
491,"(1414.484126983947, 1)","(1414.484126983947, 1)"
492,"(1358.9285714284024, 1)","(1358.9285714284024, 1)"
493,"(1296.428571428415, 1)","(1296.428571428415, 1)"
494,"(1224.9999999998577, 1)","(1224.9999999998577, 1)"
495,"(1141.6666666665406, 1)","(1141.6666666665406, 1)"
496,"(1041.6666666665603, 1)","(1041.6666666665603, 1)"
497,"(916.6666666665848, 1)","(916.6666666665848, 1)"
498,"(749.9999999999509, 1)","(749.9999999999509, 1)"
499,"(500, 1)","(500, 1)"
500,"(0, 0)","(0, 0)"
